"N","lambda_bar","D","cv","cap","compliance","decay","phi","trigger_link","trigger_mode","model","beta1","beta_l2","beta_cross","grid","power","mcse_power","power_all","type_s","type_m","bias","rel_bias","emp_se","rmse","coverage","ci_width","conv_rate","R_converged","R_total","mean_n","sd_n","below_k","master_seed","R_requested"
20,1,3,0,Inf,0.75,0,0.3,0,"fixed",3,0.2,0.3,0.1,"fixed_3",NA,NA,0,NA,NA,NA,NA,NA,NA,NA,NA,0,0,1000,2.25485,0.732307440901666,1,20260709,1000
40,1,3,0,Inf,0.75,0,0.3,0,"fixed",3,0.2,0.3,0.1,"fixed_3",NA,NA,0,NA,NA,NA,NA,NA,NA,NA,NA,0,0,1000,2.24565,0.748265351843073,1,20260709,1000
60,1,3,0,Inf,0.75,0,0.3,0,"fixed",3,0.2,0.3,0.1,"fixed_3",NA,NA,0,NA,NA,NA,NA,NA,NA,NA,NA,0,0,1000,2.24701666666667,0.747020938775313,1,20260709,1000
90,1,3,0,Inf,0.75,0,0.3,0,"fixed",3,0.2,0.3,0.1,"fixed_3",NA,NA,0,NA,NA,NA,NA,NA,NA,NA,NA,0,0,1000,2.25238888888889,0.747879530256127,1,20260709,1000
120,1,3,0,Inf,0.75,0,0.3,0,"fixed",3,0.2,0.3,0.1,"fixed_3",NA,NA,0,NA,NA,NA,NA,NA,NA,NA,NA,0,0,1000,2.25095833333333,0.750883215440813,1,20260709,1000
150,1,3,0,Inf,0.75,0,0.3,0,"fixed",3,0.2,0.3,0.1,"fixed_3",NA,NA,0,NA,NA,NA,NA,NA,NA,NA,NA,0,0,1000,2.24790666666667,0.749145907314866,1,20260709,1000
20,2,3,0,Inf,0.75,0,0.3,0,"fixed",3,0.2,0.3,0.1,"fixed_3",0.247863247863248,0.0282258185002357,0.058,0,2.18438699146785,0.0216019419328865,0.108009709664432,0.176391578404101,0.177334900858504,0.94017094017094,0.70186220579593,0.234,234,1000,4.49925,1.0592679273368,1,20260709,1000
40,2,3,0,Inf,0.75,0,0.3,0,"fixed",3,0.2,0.3,0.1,"fixed_3",0.385365853658537,0.0339913197307327,0.079,0,1.59815136035081,0.000699298755351185,0.00349649377675593,0.121077559371737,0.120783911605538,0.946341463414634,0.472230640159751,0.205,205,1000,4.501325,1.05874101443526,1,20260709,1000
60,2,3,0,Inf,0.75,0,0.3,0,"fixed",3,0.2,0.3,0.1,"fixed_3",0.502857142857143,0.0377958302110313,0.088,0,1.38526968592001,-0.000593578312365894,-0.00296789156182947,0.0998628872582013,0.0995789250919219,0.942857142857143,0.386184356669363,0.175,175,1000,4.50775,1.05045049208379,1,20260709,1000
90,2,3,0,Inf,0.75,0,0.3,0,"fixed",3,0.2,0.3,0.1,"fixed_3",0.75,0.0338126113000287,0.123,0,1.15777092580509,0.00346637717316756,0.0173318858658378,0.0721276208204412,0.0719908851397818,0.951219512195122,0.311548043254329,0.164,164,1000,4.50056666666667,1.06032661335512,1,20260709,1000
120,2,3,0,Inf,0.75,0,0.3,0,"fixed",3,0.2,0.3,0.1,"fixed_3",0.870748299319728,0.0276697849097021,0.128,0,1.13768098597906,0.0118155518797302,0.0590777593986509,0.0637230456585959,0.06459574679791,0.979591836734694,0.273614211315628,0.147,147,1000,4.49913333333333,1.05755647435913,1,20260709,1000
150,2,3,0,Inf,0.75,0,0.3,0,"fixed",3,0.2,0.3,0.1,"fixed_3",0.916666666666667,0.0213235964882983,0.154,0,0.979093352746306,-0.0127180210111652,-0.0635901050558259,0.0549658083069651,0.0562583733266153,0.976190476190476,0.236178306329376,0.168,168,1000,4.5025,1.05908635715297,1,20260709,1000
20,3,3,0,Inf,0.75,0,0.3,0,"fixed",3,0.2,0.3,0.1,"fixed_3",0.31413612565445,0.0193910173431103,0.18,0,1.73541855963072,0.0022683745131315,0.0113418725656575,0.134426129044671,0.134327931740939,0.93717277486911,0.528053903417417,0.573,573,1000,6.76595,1.27768879459763,1,20260709,1000
40,3,3,0,Inf,0.75,0,0.3,0,"fixed",3,0.2,0.3,0.1,"fixed_3",0.600294985250737,0.0188121013245246,0.407,0,1.31111130512398,0.0069647877176148,0.034823938588074,0.0897565086898443,0.0899603066566131,0.941002949852507,0.362540115561744,0.678,678,1000,6.748975,1.29603410653565,1,20260709,1000
60,3,3,0,Inf,0.75,0,0.3,0,"fixed",3,0.2,0.3,0.1,"fixed_3",0.784791965566714,0.0155664695175408,0.547,0,1.18203457439065,0.0079900229475767,0.0399501147378835,0.0773758167160133,0.0777320254769577,0.93974175035868,0.293942964670977,0.697,697,1000,6.74525,1.28901573662205,1,20260709,1000
90,3,3,0,Inf,0.75,0,0.3,0,"fixed",3,0.2,0.3,0.1,"fixed_3",0.935754189944134,0.00916319193932679,0.67,0,1.09866441282663,0.011585775386052,0.0579288769302601,0.0612540406840458,0.0622980528399376,0.939944134078212,0.238703687393881,0.716,716,1000,6.74213333333333,1.29687014755264,1,20260709,1000
120,3,3,0,Inf,0.75,0,0.3,0,"fixed",3,0.2,0.3,0.1,"fixed_3",0.969776609724047,0.00620604776421741,0.738,0,1.03414646739796,0.00291362370295759,0.0145681185147879,0.0550104373328671,0.0550514384640364,0.936925098554534,0.206811196166051,0.761,761,1000,6.75735,1.29765861588511,1,20260709,1000
150,3,3,0,Inf,0.75,0,0.3,0,"fixed",3,0.2,0.3,0.1,"fixed_3",0.990604026845638,0.00353462049885597,0.738,0,1.03098715322497,0.00499575347888534,0.0249787673944267,0.0478716975849801,0.04809969725344,0.951677852348993,0.184808327163634,0.745,745,1000,6.75067333333333,1.29378584565281,1,20260709,1000
20,5,3,0,Inf,0.75,0,0.3,0,"fixed",3,0.2,0.3,0.1,"fixed_3",0.488888888888889,0.0166625509321511,0.44,0,1.40240586850035,0.00052303384237054,0.0026151692118527,0.101998527050391,0.101943187210896,0.955555555555556,0.407120105893851,0.9,900,1000,11.2537,1.6665077771498,0.1483,20260709,1000
40,5,3,0,Inf,0.75,0,0.3,0,"fixed",3,0.2,0.3,0.1,"fixed_3",0.78855975485189,0.0130502786604439,0.772,0,1.12967055706318,-0.000128678758932188,-0.00064339379466094,0.0721637948454596,0.0721270443435428,0.93973442288049,0.282111993352028,0.979,979,1000,11.248125,1.6596832604922,0.14865,20260709,1000
60,5,3,0,Inf,0.75,0,0.3,0,"fixed",3,0.2,0.3,0.1,"fixed_3",0.914658634538153,0.00885277942893781,0.911,0,1.0447887913947,-0.00145309382702033,-0.00726546913510165,0.0601248763300699,0.060112250968894,0.939759036144578,0.230357753857511,0.996,996,1000,11.2431666666667,1.66842871014227,0.149016666666667,20260709,1000
90,5,3,0,Inf,0.75,0,0.3,0,"fixed",3,0.2,0.3,0.1,"fixed_3",0.978978978978979,0.00453869336193672,0.978,0,1.00613018154486,-0.00130116567339972,-0.00650582836699859,0.0487049350830782,0.0486979382346913,0.940940940940941,0.189469438896195,0.999,999,1000,11.2416444444444,1.66966299465531,0.148033333333333,20260709,1000
120,5,3,0,Inf,0.75,0,0.3,0,"fixed",3,0.2,0.3,0.1,"fixed_3",0.997,0.00172945077987204,0.997,0,1.01464582709646,0.00250250173332611,0.0125125086666306,0.0428007796324054,0.0428525068733428,0.937,0.163182993556889,1,1000,1000,11.253775,1.67202345022545,0.146741666666667,20260709,1000
150,5,3,0,Inf,0.75,0,0.3,0,"fixed",3,0.2,0.3,0.1,"fixed_3",1,0,1,0,1.00727575910358,0.00145515182071515,0.00727575910357575,0.0379877038207024,0.0379965793558995,0.948,0.146722022027745,1,1000,1000,11.24942,1.67703946642278,0.14844,20260709,1000
20,8,3,0,Inf,0.75,0,0.3,0,"fixed",3,0.2,0.3,0.1,"fixed_3",0.613168724279835,0.015621317338687,0.596,0,1.24297294140146,-0.00200635390405321,-0.010031769520266,0.0860799207117338,0.0860590204645002,0.944444444444444,0.344864939476882,0.972,972,1000,17.9672,2.08531340537847,0.000150000000000001,20260709,1000
40,8,3,0,Inf,0.75,0,0.3,0,"fixed",3,0.2,0.3,0.1,"fixed_3",0.88376753507014,0.0101453603039805,0.882,0,1.07524739803995,0.000803104269491456,0.00401552134745728,0.0641182045365748,0.0640911050500994,0.933867735470942,0.243186799351432,0.998,998,1000,17.99615,2.09886582049031,0.000125,20260709,1000
60,8,3,0,Inf,0.75,0,0.3,0,"fixed",3,0.2,0.3,0.1,"fixed_3",0.977,0.00474035863622153,0.977,0,1.01167683506827,-0.000330226522044619,-0.00165113261022309,0.0500217444827206,0.0499978179096784,0.959,0.199251285962679,1,1000,1000,18.00945,2.1161615122937,8.33333333333339e-05,20260709,1000
90,8,3,0,Inf,0.75,0,0.3,0,"fixed",3,0.2,0.3,0.1,"fixed_3",0.996,0.00199599599197994,0.996,0,1.00887756154569,0.00128503725936477,0.00642518629682384,0.0412882512785316,0.0412876046132914,0.952,0.163582208252136,1,1000,1000,17.9889555555556,2.12054900247965,1e-04,20260709,1000
120,8,3,0,Inf,0.75,0,0.3,0,"fixed",3,0.2,0.3,0.1,"fixed_3",1,0,1,0,1.00294916061323,0.000589832122646294,0.00294916061323147,0.0354679259246549,0.0354550940988783,0.948,0.142052969111795,1,1000,1000,17.997775,2.12371319968327,0.000125,20260709,1000
150,8,3,0,Inf,0.75,0,0.3,0,"fixed",3,0.2,0.3,0.1,"fixed_3",1,0,1,0,0.994090710157759,-0.00118185796844827,-0.00590928984224137,0.0320898569678663,0.0320955752332854,0.945,0.126529255534457,1,1000,1000,18.0011733333333,2.12265555642442,0.000106666666666666,20260709,1000
20,1,7,0,Inf,0.75,0,0.3,0,"fixed",3,0.2,0.3,0.1,"fixed_3",0.29080118694362,0.0247381453560124,0.098,0,1.92354680146083,0.0152749538032586,0.0763747690162932,0.15635927134153,0.156872557498483,0.946587537091988,0.624690566828481,0.337,337,1000,5.23825,1.13587961052719,1,20260709,1000
40,1,7,0,Inf,0.75,0,0.3,0,"fixed",3,0.2,0.3,0.1,"fixed_3",0.538461538461538,0.0288300701237737,0.161,0,1.48679274768868,0.0188346392929649,0.0941731964648243,0.107329733998998,0.108792867905741,0.933110367892977,0.423028284503186,0.299,299,1000,5.242925,1.14388250834764,1,20260709,1000
60,1,7,0,Inf,0.75,0,0.3,0,"fixed",3,0.2,0.3,0.1,"fixed_3",0.674074074074074,0.0285253764045185,0.182,0,1.26738330044545,0.00584712147266953,0.0292356073633476,0.091590967777293,0.0916079919438111,0.940740740740741,0.346684606356585,0.27,270,1000,5.25448333333333,1.14088170207348,1,20260709,1000
90,1,7,0,Inf,0.75,0,0.3,0,"fixed",3,0.2,0.3,0.1,"fixed_3",0.793427230046948,0.0277396058160687,0.169,0,1.1422760436026,0.00335564639038013,0.0167782319519007,0.0722650487778628,0.0721732643828223,0.962441314553991,0.284191461457626,0.213,213,1000,5.25485555555556,1.14217492287793,1,20260709,1000
120,1,7,0,Inf,0.75,0,0.3,0,"fixed",3,0.2,0.3,0.1,"fixed_3",0.893048128342246,0.0226001240835476,0.167,0,1.06426983118409,-0.00016604276706525,-0.000830213835326249,0.0608118179508475,0.0606492288390419,0.957219251336898,0.243093979175182,0.187,187,1000,5.24603333333333,1.14649552757603,1,20260709,1000
150,1,7,0,Inf,0.75,0,0.3,0,"fixed",3,0.2,0.3,0.1,"fixed_3",0.935323383084577,0.0173482836606146,0.188,0,1.03660753106781,-0.000744286406247574,-0.00372143203123787,0.0547853367489862,0.0546539530304656,0.955223880597015,0.215697561720257,0.201,201,1000,5.25065333333333,1.14400520085708,1,20260709,1000
20,2,7,0,Inf,0.75,0,0.3,0,"fixed",3,0.2,0.3,0.1,"fixed_3",0.451911935110081,0.0169412979407003,0.39,0,1.47403177163544,-0.000356712665560449,-0.00178356332780225,0.111923671092093,0.111859375369173,0.93279258400927,0.419866878982099,0.863,863,1000,10.5118,1.60373305490338,0.2578,20260709,1000
40,2,7,0,Inf,0.75,0,0.3,0,"fixed",3,0.2,0.3,0.1,"fixed_3",0.782168186423506,0.0131386925805388,0.772,0,1.14707961452665,0.00195237109436547,0.00976185547182734,0.0749673578352625,0.0749548021495639,0.948328267477204,0.290872195508558,0.987,987,1000,10.5063,1.60601228586756,0.2566,20260709,1000
60,2,7,0,Inf,0.75,0,0.3,0,"fixed",3,0.2,0.3,0.1,"fixed_3",0.904426559356137,0.00932528410447274,0.899,0,1.05896401166875,2.44884466376605e-05,0.000122442233188302,0.0619932056715566,0.0619620189586846,0.940643863179074,0.237129942073025,0.994,994,1000,10.5010333333333,1.61949441255743,0.2586,20260709,1000
90,2,7,0,Inf,0.75,0,0.3,0,"fixed",3,0.2,0.3,0.1,"fixed_3",0.979959919839679,0.00443597013171951,0.978,0,1.01827897659084,0.00130118162294707,0.00650590811473534,0.0479827423476293,0.0479763449976831,0.948897795591182,0.193497070834271,0.998,998,1000,10.5007444444444,1.61947999432228,0.260211111111111,20260709,1000
120,2,7,0,Inf,0.75,0,0.3,0,"fixed",3,0.2,0.3,0.1,"fixed_3",0.997,0.00172945077987204,0.997,0,1.00709900481216,0.00106669793705641,0.00533348968528205,0.0445440447704577,0.0445345438629043,0.936,0.167489381993603,1,1000,1000,10.4976,1.61114286129052,0.25915,20260709,1000
150,2,7,0,Inf,0.75,0,0.3,0,"fixed",3,0.2,0.3,0.1,"fixed_3",0.999,0.000999499874937461,0.999,0,1.00591314636703,0.00105453046714751,0.00527265233573757,0.0386800534051251,0.0386750878395647,0.948,0.150700795450938,1,1000,1000,10.4992933333333,1.61753283584378,0.257933333333333,20260709,1000
20,3,7,0,Inf,0.75,0,0.3,0,"fixed",3,0.2,0.3,0.1,"fixed_3",0.571725571725572,0.0159539176023124,0.55,0,1.30013477567501,0.000102617263188443,0.000513086315942213,0.0910483314194999,0.0910010545557546,0.929313929313929,0.359935151376439,0.962,962,1000,15.7711,1.96009913742865,0.00125,20260709,1000
40,3,7,0,Inf,0.75,0,0.3,0,"fixed",3,0.2,0.3,0.1,"fixed_3",0.852,0.0112292475259921,0.852,0,1.07945963092415,-0.00137093625124626,-0.00685468125623132,0.066988037159734,0.0669685686840952,0.939,0.253345452216588,1,1000,1000,15.738975,1.98943458562822,0.002025,20260709,1000
60,3,7,0,Inf,0.75,0,0.3,0,"fixed",3,0.2,0.3,0.1,"fixed_3",0.96,0.00619677335393187,0.96,0,1.02603593356798,0.000366737450924831,0.00183368725462416,0.0511938024733306,0.0511695134100826,0.942,0.206975766118745,1,1000,1000,15.7676333333333,1.97519664092924,0.00186666666666667,20260709,1000
90,3,7,0,Inf,0.75,0,0.3,0,"fixed",3,0.2,0.3,0.1,"fixed_3",0.997,0.00172945077987204,0.997,0,1.01618412689901,0.00282553464936466,0.0141276732468233,0.0441754912932282,0.0442437137119144,0.953,0.169863867181315,1,1000,1000,15.7468222222222,1.97729809569697,0.00151111111111111,20260709,1000
120,3,7,0,Inf,0.75,0,0.3,0,"fixed",3,0.2,0.3,0.1,"fixed_3",1,0,1,0,1.0048990507261,0.000979810145219334,0.00489905072609667,0.0364179518842836,0.0364129232573715,0.963,0.146884828617487,1,1000,1000,15.751275,1.97435018419316,0.00160833333333333,20260709,1000
150,3,7,0,Inf,0.75,0,0.3,0,"fixed",3,0.2,0.3,0.1,"fixed_3",0.999,0.000999499874937461,0.999,0,1.00793463927585,0.00144879656106192,0.00724398280530961,0.0333058947825444,0.033320749633134,0.948,0.131355379460429,1,1000,1000,15.7468066666667,1.97677257378077,0.00154,20260709,1000
20,5,7,0,Inf,0.75,0,0.3,0,"fixed",3,0.2,0.3,0.1,"fixed_3",0.701807228915663,0.0144953199190499,0.699,0,1.20656521221575,0.00415066920206025,0.0207533460103013,0.0797295813890683,0.0797975680569939,0.943775100401606,0.317767651184495,0.996,996,1000,26.23915,2.54943856237694,0,20260709,1000
40,5,7,0,Inf,0.75,0,0.3,0,"fixed",3,0.2,0.3,0.1,"fixed_3",0.928,0.00817410545564467,0.928,0,1.04444201676919,0.000273429085232563,0.00136714542616281,0.0582033318727465,0.058174865506614,0.932,0.224986039261588,1,1000,1000,26.25445,2.55514931340114,0,20260709,1000
60,5,7,0,Inf,0.75,0,0.3,0,"fixed",3,0.2,0.3,0.1,"fixed_3",0.989,0.00329833291224522,0.989,0,1.01155312325684,0.00086434846891767,0.00432174234458835,0.0484390345446221,0.0484225239513927,0.936,0.185199834850306,1,1000,1000,26.2494833333333,2.55521498098201,0,20260709,1000
90,5,7,0,Inf,0.75,0,0.3,0,"fixed",3,0.2,0.3,0.1,"fixed_3",0.998,0.00141279864099595,0.998,0,1.00175480764193,9.78461283851484e-05,0.000489230641925742,0.0379991704383466,0.0379802921383361,0.939,0.150181937656805,1,1000,1000,26.2627333333333,2.55061187261611,0,20260709,1000
120,5,7,0,Inf,0.75,0,0.3,0,"fixed",3,0.2,0.3,0.1,"fixed_3",1,0,1,0,1.00081966403041,0.000163932806082318,0.000819664030411588,0.0323998834892468,0.0323840944235216,0.947,0.130650702251542,1,1000,1000,26.2408166666667,2.56528835399947,0,20260709,1000
150,5,7,0,Inf,0.75,0,0.3,0,"fixed",3,0.2,0.3,0.1,"fixed_3",1,0,1,0,0.995367933223429,-0.000926413355314265,-0.00463206677657133,0.0290284714164535,0.0290287399369656,0.952,0.117235955759081,1,1000,1000,26.2440333333333,2.55909852500232,0,20260709,1000
20,8,7,0,Inf,0.75,0,0.3,0,"fixed",3,0.2,0.3,0.1,"fixed_3",0.760760760760761,0.0134976298533901,0.76,0,1.14802029372098,0.00161771651631615,0.00808858258158074,0.0740741990234258,0.0740547870717948,0.93993993993994,0.291640194323543,0.999,999,1000,41.9706,3.20187244849783,0,20260709,1000
40,8,7,0,Inf,0.75,0,0.3,0,"fixed",3,0.2,0.3,0.1,"fixed_3",0.961,0.00612200947402077,0.961,0,1.02417329771607,0.000320712791167355,0.00160356395583677,0.0539335804340383,0.0539075609171001,0.945,0.210912290342982,1,1000,1000,41.9969,3.22114518600264,0,20260709,1000
60,8,7,0,Inf,0.75,0,0.3,0,"fixed",3,0.2,0.3,0.1,"fixed_3",0.996,0.00199599599197994,0.996,0,1.01026863668079,0.00150167773884624,0.0075083886942312,0.0449233482522493,0.0449259852090749,0.949,0.171932239192057,1,1000,1000,41.9938666666667,3.21817247681428,0,20260709,1000
90,8,7,0,Inf,0.75,0,0.3,0,"fixed",3,0.2,0.3,0.1,"fixed_3",1,0,1,0,1.00715125103055,0.0014302502061109,0.0071512510305545,0.0373723575252518,0.0373810383689422,0.936,0.140464328242479,1,1000,1000,41.9985444444444,3.24015391396127,0,20260709,1000
120,8,7,0,Inf,0.75,0,0.3,0,"fixed",3,0.2,0.3,0.1,"fixed_3",1,0,1,0,1.00290782011394,0.000581564022788306,0.00290782011394153,0.0322220645493856,0.0322111999014868,0.943,0.121774193377813,1,1000,1000,42.0071333333333,3.23328678093635,0,20260709,1000
150,8,7,0,Inf,0.75,0,0.3,0,"fixed",3,0.2,0.3,0.1,"fixed_3",1,0,1,0,1.00045679676985,9.13593539693114e-05,0.000456796769846557,0.028289196175592,0.0282751956345562,0.942,0.108765749224911,1,1000,1000,42.0208733333333,3.2368660151797,0,20260709,1000
20,1,14,0,Inf,0.75,0,0.3,0,"fixed",3,0.2,0.3,0.1,"fixed_3",0.473684210526316,0.0168893111779168,0.414,0,1.41495646604908,0.000587160198515846,0.00293580099257923,0.103057175616427,0.102999875142073,0.94279176201373,0.420382634530785,0.874,874,1000,10.50055,1.60848629688127,0.257,20260709,1000
40,1,14,0,Inf,0.75,0,0.3,0,"fixed",3,0.2,0.3,0.1,"fixed_3",0.788381742738589,0.0131554688017269,0.76,0,1.1532930494768,0.00478221403053708,0.0239110701526854,0.0730554316579573,0.0731739657188748,0.946058091286307,0.291693341765453,0.964,964,1000,10.51485,1.60128887170443,0.25295,20260709,1000
60,1,14,0,Inf,0.75,0,0.3,0,"fixed",3,0.2,0.3,0.1,"fixed_3",0.914572864321608,0.00886126119227768,0.91,0,1.04710581475331,-0.000835609245826235,-0.00417804622913118,0.0613536706237858,0.0613285247905123,0.950753768844221,0.237830144730005,0.995,995,1000,10.4965666666667,1.61471860917071,0.2579,20260709,1000
90,1,14,0,Inf,0.75,0,0.3,0,"fixed",3,0.2,0.3,0.1,"fixed_3",0.98,0.00442718872423573,0.98,0,1.01465377235128,0.000599257088135546,0.00299628544067773,0.0481574769860171,0.0481371224329704,0.947,0.193530955021286,1,1000,1000,10.5086777777778,1.61519359101001,0.256533333333333,20260709,1000
120,1,14,0,Inf,0.75,0,0.3,0,"fixed",3,0.2,0.3,0.1,"fixed_3",0.996,0.00199599599197994,0.996,0,0.999249632133014,-0.000663240934388382,-0.00331620467194191,0.0430909226115054,0.0430744782027163,0.949,0.167645016345037,1,1000,1000,10.4990416666667,1.61170622502869,0.258441666666667,20260709,1000
150,1,14,0,Inf,0.75,0,0.3,0,"fixed",3,0.2,0.3,0.1,"fixed_3",1,0,1,0,0.998680771727471,-0.000263845654505795,-0.00131922827252898,0.0377498569788224,0.0377318998295743,0.957,0.15009672333259,1,1000,1000,10.50114,1.61581402585468,0.258706666666667,20260709,1000
20,2,14,0,Inf,0.75,0,0.3,0,"fixed",3,0.2,0.3,0.1,"fixed_3",0.65080971659919,0.0151662991176618,0.643,0,1.23770320201629,0.0019721099697472,0.009860549848736,0.0834442881838087,0.0834253614242768,0.94331983805668,0.334958600450862,0.988,988,1000,21.0042,2.23929196790979,0,20260709,1000
40,2,14,0,Inf,0.75,0,0.3,0,"fixed",3,0.2,0.3,0.1,"fixed_3",0.907907907907908,0.0091484880444636,0.907,0,1.04881516558078,-0.000676814237653617,-0.00338407118826808,0.0581226244972703,0.0580974692638451,0.948948948948949,0.236017445469936,0.999,999,1000,21.009875,2.2669040499179,0,20260709,1000
60,2,14,0,Inf,0.75,0,0.3,0,"fixed",3,0.2,0.3,0.1,"fixed_3",0.977,0.00474035863622153,0.977,0,1.01110725448783,-0.00053971475495837,-0.00269857377479185,0.050715503116976,0.0506930122025542,0.934,0.193010279419505,1,1000,1000,21.0169,2.28042337265661,0,20260709,1000
90,2,14,0,Inf,0.75,0,0.3,0,"fixed",3,0.2,0.3,0.1,"fixed_3",1,0,1,0,1.00315881238843,0.000631762477686232,0.00315881238843116,0.0399966592861393,0.0399816476039405,0.949,0.15785873388423,1,1000,1000,21.0045111111111,2.28346805551727,0,20260709,1000
120,2,14,0,Inf,0.75,0,0.3,0,"fixed",3,0.2,0.3,0.1,"fixed_3",1,0,1,0,0.999555129408876,-8.8974118224755e-05,-0.000444870591123775,0.0355405641621056,0.0355229008620284,0.94,0.136747530297607,1,1000,1000,20.9957,2.28349402943538,0,20260709,1000
150,2,14,0,Inf,0.75,0,0.3,0,"fixed",3,0.2,0.3,0.1,"fixed_3",1,0,1,0,0.99624702581334,-0.00075059483733203,-0.00375297418666015,0.0311132320141465,0.0311067286253244,0.95,0.122240550217719,1,1000,1000,20.9989,2.29501507592955,0,20260709,1000
20,3,14,0,Inf,0.75,0,0.3,0,"fixed",3,0.2,0.3,0.1,"fixed_3",0.723169508525577,0.0141703127613938,0.721,0,1.17585381066918,-0.000111222042970982,-0.00055611021485491,0.0796259873879553,0.0795861222943684,0.934804413239719,0.305401247665514,0.997,997,1000,31.5359,2.76758114630567,0,20260709,1000
40,3,14,0,Inf,0.75,0,0.3,0,"fixed",3,0.2,0.3,0.1,"fixed_3",0.942,0.00739161687318817,0.942,0,1.02941865029455,-0.00078917358168798,-0.0039458679084399,0.054918709364171,0.0548969158380513,0.946,0.217982774715569,1,1000,1000,31.489975,2.80461889133891,0,20260709,1000
60,3,14,0,Inf,0.75,0,0.3,0,"fixed",3,0.2,0.3,0.1,"fixed_3",0.991,0.00298646948753876,0.991,0,1.00577350784861,8.84830619365395e-05,0.000442415309682698,0.0454291066599309,0.0454064726381572,0.952,0.179493120813785,1,1000,1000,31.4876833333333,2.79239669452542,0,20260709,1000
90,3,14,0,Inf,0.75,0,0.3,0,"fixed",3,0.2,0.3,0.1,"fixed_3",1,0,1,0,0.997276931876948,-0.000544613624610363,-0.00272306812305181,0.0372038385648186,0.0371892199750578,0.931,0.145798806104807,1,1000,1000,31.5057666666667,2.79242594787507,0,20260709,1000
120,3,14,0,Inf,0.75,0,0.3,0,"fixed",3,0.2,0.3,0.1,"fixed_3",1,0,1,0,0.999246937506206,-0.00015061249875889,-0.000753062493794449,0.0333200122075228,0.0333036886008253,0.948,0.126372688332454,1,1000,1000,31.4969916666667,2.80213763414239,0,20260709,1000
150,3,14,0,Inf,0.75,0,0.3,0,"fixed",3,0.2,0.3,0.1,"fixed_3",1,0,1,0,0.995462312818727,-0.000907537436254685,-0.00453768718127343,0.028510448835804,0.0285106378624608,0.966,0.113257712010369,1,1000,1000,31.4997,2.80615514605397,0,20260709,1000
20,5,14,0,Inf,0.75,0,0.3,0,"fixed",3,0.2,0.3,0.1,"fixed_3",0.742,0.0138360398958662,0.742,0,1.14982962811237,-0.0025848697502959,-0.0129243487514795,0.0768096900329076,0.0768147792165959,0.936,0.288569958625453,1,1000,1000,52.50665,3.59169328391621,0,20260709,1000
40,5,14,0,Inf,0.75,0,0.3,0,"fixed",3,0.2,0.3,0.1,"fixed_3",0.967,0.00564898220921256,0.967,0,1.01317143639345,-0.00125059826645424,-0.0062529913322712,0.0534571243638688,0.0534450229407092,0.937,0.204121705440957,1,1000,1000,52.469925,3.61160676415816,0,20260709,1000
60,5,14,0,Inf,0.75,0,0.3,0,"fixed",3,0.2,0.3,0.1,"fixed_3",0.999,0.000999499874937461,0.999,0,1.00023183113527,-6.64028554991369e-05,-0.000332014277495685,0.0414521710559132,0.0414314929987161,0.956,0.167971460167141,1,1000,1000,52.5048166666667,3.60612595661385,0,20260709,1000
90,5,14,0,Inf,0.75,0,0.3,0,"fixed",3,0.2,0.3,0.1,"fixed_3",1,0,1,0,1.00320779538755,0.000641559077510456,0.00320779538755228,0.0346651440379585,0.0346537463632891,0.94,0.137135111795013,1,1000,1000,52.5039,3.61785831882954,0,20260709,1000
120,5,14,0,Inf,0.75,0,0.3,0,"fixed",3,0.2,0.3,0.1,"fixed_3",1,0,1,0,1.00872716709971,0.00174543341994135,0.00872716709970675,0.0314983178288672,0.0315309121315215,0.942,0.119185887523975,1,1000,1000,52.4998666666667,3.6138200557143,0,20260709,1000
150,5,14,0,Inf,0.75,0,0.3,0,"fixed",3,0.2,0.3,0.1,"fixed_3",1,0,1,0,0.997207203093542,-0.000558559381291623,-0.00279279690645812,0.02713990031119,0.0271320770177084,0.947,0.106126715923405,1,1000,1000,52.48594,3.6110764908882,0,20260709,1000
20,8,14,0,Inf,0.75,0,0.3,0,"fixed",3,0.2,0.3,0.1,"fixed_3",0.791,0.0128576436410409,0.791,0,1.11097633859935,-0.00282729724668471,-0.0141364862334235,0.0719100597411567,0.0719296826421879,0.938,0.274875125674812,1,1000,1000,84.0582,4.50591990977065,0,20260709,1000
40,8,14,0,Inf,0.75,0,0.3,0,"fixed",3,0.2,0.3,0.1,"fixed_3",0.969,0.00548078461536303,0.969,0,1.01718696456076,-0.000257513544945853,-0.00128756772472927,0.0514012313261475,0.0513761696556693,0.943,0.19743519151151,1,1000,1000,83.98775,4.57503122032421,0,20260709,1000
60,8,14,0,Inf,0.75,0,0.3,0,"fixed",3,0.2,0.3,0.1,"fixed_3",1,0,1,0,1.00821782138489,0.00164356427697832,0.00821782138489158,0.0415127591812288,0.0415245369534257,0.941,0.161803485511336,1,1000,1000,83.9752666666667,4.57313692098913,0,20260709,1000
90,8,14,0,Inf,0.75,0,0.3,0,"fixed",3,0.2,0.3,0.1,"fixed_3",1,0,1,0,0.99696258304181,-0.000607483391637936,-0.00303741695818968,0.034078680480391,0.034067053627991,0.942,0.132089268712847,1,1000,1000,83.9754888888889,4.55749724353471,0,20260709,1000
120,8,14,0,Inf,0.75,0,0.3,0,"fixed",3,0.2,0.3,0.1,"fixed_3",1,0,1,0,0.999828261912702,-3.43476174596014e-05,-0.000171738087298007,0.0293563183616086,0.0293416566348799,0.946,0.113932969790142,1,1000,1000,84.0109833333333,4.57605773915221,0,20260709,1000
150,8,14,0,Inf,0.75,0,0.3,0,"fixed",3,0.2,0.3,0.1,"fixed_3",1,0,1,0,1.00361245544944,0.000722491089887117,0.00361245544943559,0.0270150340600043,0.0270111874335967,0.937,0.102607320903666,1,1000,1000,84.0004266666667,4.57285402224874,0,20260709,1000
20,1,28,0,Inf,0.75,0,0.3,0,"fixed",3,0.2,0.3,0.1,"fixed_3",0.640688259109312,0.015264430809037,0.633,0,1.22897002141475,-0.00111333390920013,-0.00556666954600063,0.0853508670234976,0.0853149269738921,0.941295546558704,0.334636952676733,0.988,988,1000,21.0108,2.26597297084456,0,20260709,1000
40,1,28,0,Inf,0.75,0,0.3,0,"fixed",3,0.2,0.3,0.1,"fixed_3",0.914914914914915,0.0088274309353326,0.914,0,1.03103731321733,-0.00377607976381905,-0.0188803988190953,0.0600024902820294,0.0600912116343561,0.935935935935936,0.234938867887974,0.999,999,1000,20.9979,2.28149690586583,0,20260709,1000
60,1,28,0,Inf,0.75,0,0.3,0,"fixed",3,0.2,0.3,0.1,"fixed_3",0.985,0.00384382621875652,0.985,0,1.00907972831797,5.32336755676988e-05,0.000266168377838494,0.0480451593224558,0.0480211602401489,0.941,0.19251633554571,1,1000,1000,21.0090833333333,2.28786987106671,0,20260709,1000
90,1,28,0,Inf,0.75,0,0.3,0,"fixed",3,0.2,0.3,0.1,"fixed_3",0.999,0.000999499874937461,0.999,0,1.00345219920806,0.0005701209232441,0.0028506046162205,0.038541692150846,0.0385266350682726,0.955,0.157792742555978,1,1000,1000,20.9989222222222,2.28740964422094,0,20260709,1000
120,1,28,0,Inf,0.75,0,0.3,0,"fixed",3,0.2,0.3,0.1,"fixed_3",0.999,0.000999499874937461,0.999,0,0.997319235577676,-0.000670013040508677,-0.00335006520254338,0.0345703570257658,0.0345595629714624,0.953,0.137130296066602,1,1000,1000,21.0037666666667,2.28937938922227,0,20260709,1000
150,1,28,0,Inf,0.75,0,0.3,0,"fixed",3,0.2,0.3,0.1,"fixed_3",1,0,1,0,1.00051905887481,0.000103811774962964,0.000519058874814821,0.0313383260635039,0.0313228250109508,0.952,0.122658448052307,1,1000,1000,21.0023066666667,2.28844662676856,0,20260709,1000
20,2,28,0,Inf,0.75,0,0.3,0,"fixed",3,0.2,0.3,0.1,"fixed_3",0.75,0.0136930639376292,0.75,0,1.1536667444411,0.00125750923658413,0.00628754618292066,0.0736939382557763,0.073667815690372,0.943,0.295462615124896,1,1000,1000,41.96015,3.2033515710226,0,20260709,1000
40,2,28,0,Inf,0.75,0,0.3,0,"fixed",3,0.2,0.3,0.1,"fixed_3",0.963,0.00596917079668525,0.963,0,1.03547845012951,0.00267394808791804,0.0133697404395902,0.0543070332036374,0.0543456953208115,0.946,0.209169318989792,1,1000,1000,42.003425,3.21537448050559,0,20260709,1000
60,2,28,0,Inf,0.75,0,0.3,0,"fixed",3,0.2,0.3,0.1,"fixed_3",0.996,0.00199599599197994,0.996,0,0.996231015922711,-0.00123384163810344,-0.00616920819051722,0.0427990002483324,0.0427953856510538,0.957,0.172216705809903,1,1000,1000,42.0175,3.23069887700436,0,20260709,1000
90,2,28,0,Inf,0.75,0,0.3,0,"fixed",3,0.2,0.3,0.1,"fixed_3",1,0,1,0,1.007152124036,0.00143042480720065,0.00715212403600327,0.035488455333692,0.0354995372735834,0.957,0.140712668997307,1,1000,1000,41.9856111111111,3.23562226650534,0,20260709,1000
120,2,28,0,Inf,0.75,0,0.3,0,"fixed",3,0.2,0.3,0.1,"fixed_3",1,0,1,0,0.991277220742893,-0.00174455585142139,-0.00872277925710693,0.0307976780862898,0.0308316712756535,0.945,0.121665509263339,1,1000,1000,42.0001083333333,3.23303372211565,0,20260709,1000
150,2,28,0,Inf,0.75,0,0.3,0,"fixed",3,0.2,0.3,0.1,"fixed_3",1,0,1,0,1.0038083345547,0.000761666910940401,0.003808334554702,0.0276189711087277,0.0276156639250779,0.955,0.108836364783398,1,1000,1000,41.9958466666667,3.22996278143576,0,20260709,1000
20,3,28,0,Inf,0.75,0,0.3,0,"fixed",3,0.2,0.3,0.1,"fixed_3",0.773,0.0132465467198059,0.773,0,1.13107595315427,-0.00188102635009343,-0.00940513175046717,0.07419837433904,0.0741851172131681,0.927,0.282213806012791,1,1000,1000,62.97135,3.89420489488693,0,20260709,1000
40,3,28,0,Inf,0.75,0,0.3,0,"fixed",3,0.2,0.3,0.1,"fixed_3",0.973,0.00512552436341883,0.973,0,1.00894087325218,-0.00140978611568096,-0.0070489305784048,0.0533844171846915,0.053376339318494,0.935,0.201325534894945,1,1000,1000,62.99915,3.94323995553897,0,20260709,1000
60,3,28,0,Inf,0.75,0,0.3,0,"fixed",3,0.2,0.3,0.1,"fixed_3",0.997,0.00172945077987204,0.997,0,1.01277487517275,0.00214609844153074,0.0107304922076537,0.0428874538961758,0.0429196936908414,0.935,0.164741782995719,1,1000,1000,62.9819,3.96125738714971,0,20260709,1000
90,3,28,0,Inf,0.75,0,0.3,0,"fixed",3,0.2,0.3,0.1,"fixed_3",0.999,0.000999499874937461,0.999,0,1.00069456391631,-8.46072211629911e-06,-4.23036105814956e-05,0.0354234367174254,0.0354057215798293,0.933,0.134615869888835,1,1000,1000,62.9835444444444,3.95999693524914,0,20260709,1000
120,3,28,0,Inf,0.75,0,0.3,0,"fixed",3,0.2,0.3,0.1,"fixed_3",1,0,1,0,0.999669179696759,-6.61640606482716e-05,-0.000330820303241358,0.0294472780443616,0.0294326250905461,0.953,0.116521323996499,1,1000,1000,63.0026166666667,3.95607230915084,0,20260709,1000
150,3,28,0,Inf,0.75,0,0.3,0,"fixed",3,0.2,0.3,0.1,"fixed_3",1,0,1,0,1.00774779444717,0.0015495588894347,0.0077477944471735,0.0260605573051567,0.0260935744419987,0.951,0.104666219580485,1,1000,1000,63.0030066666667,3.95426019916008,0,20260709,1000
20,5,28,0,Inf,0.75,0,0.3,0,"fixed",3,0.2,0.3,0.1,"fixed_3",0.793,0.0128121426779442,0.793,0,1.12946884643173,0.000804271664109485,0.00402135832054742,0.0717841921040542,0.0717527986820404,0.933,0.27362284791335,1,1000,1000,104.98155,5.06018271331979,0,20260709,1000
40,5,28,0,Inf,0.75,0,0.3,0,"fixed",3,0.2,0.3,0.1,"fixed_3",0.984,0.00396787096564392,0.984,0,1.01141899991644,0.00039977325101137,0.00199886625505685,0.0503238610629766,0.050300281509607,0.944,0.195252768873657,1,1000,1000,105.016025,5.07727119387849,0,20260709,1000
60,5,28,0,Inf,0.75,0,0.3,0,"fixed",3,0.2,0.3,0.1,"fixed_3",1,0,1,0,1.01291046036452,0.00258209207290383,0.0129104603645191,0.0395810770720523,0.0396454562339055,0.954,0.159016586185097,1,1000,1000,105.006,5.11113291343282,0,20260709,1000
90,5,28,0,Inf,0.75,0,0.3,0,"fixed",3,0.2,0.3,0.1,"fixed_3",1,0,1,0,1.00536891895942,0.00107378379188403,0.00536891895942013,0.0341255623307877,0.0341253932141418,0.948,0.130230078847469,1,1000,1000,105.013822222222,5.11108731966939,0,20260709,1000
120,5,28,0,Inf,0.75,0,0.3,0,"fixed",3,0.2,0.3,0.1,"fixed_3",1,0,1,0,0.991483639218316,-0.00170327215633689,-0.00851636078168447,0.028468955727971,0.0285056502265688,0.945,0.113132394667037,1,1000,1000,105.017741666667,5.10648764509721,0,20260709,1000
150,5,28,0,Inf,0.75,0,0.3,0,"fixed",3,0.2,0.3,0.1,"fixed_3",1,0,1,0,1.00074263851281,0.000148527702561879,0.000742638512809396,0.0254559368812324,0.0254436392494709,0.957,0.100953171136339,1,1000,1000,104.996073333333,5.11169075267233,0,20260709,1000
20,8,28,0,Inf,0.75,0,0.3,0,"fixed",3,0.2,0.3,0.1,"fixed_3",0.783,0.0130349913693872,0.783,0,1.10704185768524,-0.00341294352343433,-0.0170647176171716,0.0695763275880235,0.0696252301882693,0.933,0.2692176982553,1,1000,1000,168.0648,6.36660643506844,0,20260709,1000
40,8,28,0,Inf,0.75,0,0.3,0,"fixed",3,0.2,0.3,0.1,"fixed_3",0.979,0.00453420334788814,0.979,0,0.993661265124277,-0.00360095466949856,-0.0180047733474928,0.0493944752999523,0.049500921713633,0.949,0.190564350280946,1,1000,1000,167.99035,6.46273322174009,0,20260709,1000
60,8,28,0,Inf,0.75,0,0.3,0,"fixed",3,0.2,0.3,0.1,"fixed_3",0.998,0.00141279864099595,0.998,0,1.00466830970646,0.000674656808036883,0.00337328404018442,0.0406527763032025,0.0406380454100058,0.941,0.156621981968048,1,1000,1000,167.99125,6.44860811285169,0,20260709,1000
90,8,28,0,Inf,0.75,0,0.3,0,"fixed",3,0.2,0.3,0.1,"fixed_3",1,0,1,0,0.998367869988419,-0.00032642600231611,-0.00163213001158055,0.0333288014382879,0.0333137321572125,0.945,0.12791179664072,1,1000,1000,167.974211111111,6.45173736712625,0,20260709,1000
120,8,28,0,Inf,0.75,0,0.3,0,"fixed",3,0.2,0.3,0.1,"fixed_3",1,0,1,0,0.999917675120868,-1.64649758264135e-05,-8.23248791320674e-05,0.0289710088803508,0.0289565244337999,0.943,0.111024691917413,1,1000,1000,168.024658333333,6.46832162718773,0,20260709,1000
150,8,28,0,Inf,0.75,0,0.3,0,"fixed",3,0.2,0.3,0.1,"fixed_3",1,0,1,0,1.00674495979475,0.00134899195895066,0.00674495979475331,0.0257866929596628,0.0258090751397148,0.946,0.0991526767050628,1,1000,1000,167.972886666667,6.47235389949838,0,20260709,1000
20,1,21,0,Inf,0.75,0,0.3,0,"fixed",3,0.2,0.3,0.1,"fixed_3",0.579381443298969,0.0158504150148851,0.562,0,1.29929872646852,-0.000791544395018412,-0.00395772197509206,0.0930564337987059,0.093011822336772,0.94020618556701,0.360210999486947,0.97,970,1000,15.78675,1.95287408065495,0.0015,20260709,1000
40,1,21,0,Inf,0.75,0,0.3,0,"fixed",3,0.2,0.3,0.1,"fixed_3",0.873493975903614,0.0105330923332187,0.87,0,1.07123689724015,-0.000653296315211049,-0.00326648157605525,0.0652767146086681,0.0652472076341846,0.938755020080321,0.253423346266989,0.996,996,1000,15.747625,1.96559320774918,0.0018,20260709,1000
60,1,21,0,Inf,0.75,0,0.3,0,"fixed",3,0.2,0.3,0.1,"fixed_3",0.965965965965966,0.00573660415128958,0.965,0,1.01529904267335,-0.000714702313121096,-0.00357351156560548,0.0526314145600945,0.0526099207313191,0.944944944944945,0.207786907635418,0.999,999,1000,15.7451833333333,1.9728870740227,0.00165,20260709,1000
90,1,21,0,Inf,0.75,0,0.3,0,"fixed",3,0.2,0.3,0.1,"fixed_3",0.994,0.00244213021765835,0.994,0,1.0028497024745,-0.000246072445393292,-0.00123036222696646,0.0431474624352366,0.0431265853358915,0.947,0.168796302288939,1,1000,1000,15.7480333333333,1.97807538973626,0.00145555555555556,20260709,1000
120,1,21,0,Inf,0.75,0,0.3,0,"fixed",3,0.2,0.3,0.1,"fixed_3",1,0,1,0,1.00161624434876,0.000323248869752546,0.00161624434876273,0.0365946838357192,0.036577810267743,0.952,0.147647078593885,1,1000,1000,15.757775,1.98185016625551,0.00165833333333334,20260709,1000
150,1,21,0,Inf,0.75,0,0.3,0,"fixed",3,0.2,0.3,0.1,"fixed_3",1,0,1,0,0.993869876245527,-0.00122602475089453,-0.00613012375447267,0.0344158760936587,0.0344205056827551,0.942,0.131544759217241,1,1000,1000,15.75246,1.97549045604806,0.00158666666666667,20260709,1000
20,2,21,0,Inf,0.75,0,0.3,0,"fixed",3,0.2,0.3,0.1,"fixed_3",0.709127382146439,0.0143835460588918,0.707,0,1.18747106907891,0.000735596366528313,0.00367798183264156,0.0797596813664624,0.0797230651986946,0.926780341023069,0.306358510514699,0.997,997,1000,31.5133,2.74456252003525,0,20260709,1000
40,2,21,0,Inf,0.75,0,0.3,0,"fixed",3,0.2,0.3,0.1,"fixed_3",0.935,0.0077958322198467,0.935,0,1.02278365587275,-0.0029226726978949,-0.0146133634894745,0.0551177435690912,0.0551676509033234,0.943,0.217988642923276,1,1000,1000,31.4932,2.80346316482594,0,20260709,1000
60,2,21,0,Inf,0.75,0,0.3,0,"fixed",3,0.2,0.3,0.1,"fixed_3",0.988,0.00344325427466518,0.988,0,1.00545579253902,-0.000361184829582861,-0.00180592414791431,0.0461832412368346,0.0461615568828613,0.954,0.178996229331514,1,1000,1000,31.4808166666667,2.78546527570978,0,20260709,1000
90,2,21,0,Inf,0.75,0,0.3,0,"fixed",3,0.2,0.3,0.1,"fixed_3",0.999,0.000999499874937461,0.999,0,0.999841323310737,-0.000157295847992595,-0.000786479239962973,0.0369553579446385,0.0369372105649484,0.943,0.145248950897606,1,1000,1000,31.4864666666667,2.8132944340821,0,20260709,1000
120,2,21,0,Inf,0.75,0,0.3,0,"fixed",3,0.2,0.3,0.1,"fixed_3",1,0,1,0,0.99891243967955,-0.000217512064090097,-0.00108756032045049,0.0324707796117487,0.0324552690416238,0.943,0.126411107342835,1,1000,1000,31.5013833333333,2.80792143410232,0,20260709,1000
150,2,21,0,Inf,0.75,0,0.3,0,"fixed",3,0.2,0.3,0.1,"fixed_3",1,0,1,0,0.992180245019961,-0.00156395099600778,-0.00781975498003892,0.0297438439631808,0.0297700772617448,0.942,0.113508660409598,1,1000,1000,31.5162466666667,2.80274940997825,0,20260709,1000
20,3,21,0,Inf,0.75,0,0.3,0,"fixed",3,0.2,0.3,0.1,"fixed_3",0.739,0.0138880884213775,0.739,0,1.15604070282922,-0.00099679120354812,-0.0049839560177406,0.0774981477393518,0.0774658023442012,0.937,0.29240177918693,1,1000,1000,47.2294,3.38386148270059,0,20260709,1000
40,3,21,0,Inf,0.75,0,0.3,0,"fixed",3,0.2,0.3,0.1,"fixed_3",0.964,0.00589101010014412,0.964,0,1.0157528074708,-0.000909408046901233,-0.00454704023450617,0.051011710597796,0.0509943079812929,0.95,0.208584259589237,1,1000,1000,47.259125,3.40743582318056,0,20260709,1000
60,3,21,0,Inf,0.75,0,0.3,0,"fixed",3,0.2,0.3,0.1,"fixed_3",0.996,0.00199599599197994,0.996,0,1.01074465166601,0.00165568349986478,0.0082784174993239,0.0441428908076044,0.0441518686115883,0.947,0.168986198170396,1,1000,1000,47.2609166666667,3.41992486005712,0,20260709,1000
90,3,21,0,Inf,0.75,0,0.3,0,"fixed",3,0.2,0.3,0.1,"fixed_3",1,0,1,0,1.00431425925782,0.0008628518515644,0.004314259257822,0.0351402355096101,0.035133258158573,0.95,0.13922106562636,1,1000,1000,47.2299222222222,3.41682376792631,0,20260709,1000
120,3,21,0,Inf,0.75,0,0.3,0,"fixed",3,0.2,0.3,0.1,"fixed_3",1,0,1,0,0.989555540022487,-0.00208889199550258,-0.0104444599775129,0.0303216378439667,0.0303783770071413,0.951,0.120136722144133,1,1000,1000,47.2317,3.4341478521828,0,20260709,1000
150,3,21,0,Inf,0.75,0,0.3,0,"fixed",3,0.2,0.3,0.1,"fixed_3",1,0,1,0,1.00030422769877,6.0845539754828e-05,0.00030422769877414,0.028458903757201,0.0284447358229651,0.941,0.107579417243645,1,1000,1000,47.2374666666667,3.43809337499148,0,20260709,1000
20,5,21,0,Inf,0.75,0,0.3,0,"fixed",3,0.2,0.3,0.1,"fixed_3",0.769,0.0133281281506444,0.769,0,1.12043029674457,-0.00353008612125158,-0.0176504306062579,0.071779132379931,0.0718300293010792,0.939,0.280043055543176,1,1000,1000,78.75405,4.34939531040835,0,20260709,1000
40,5,21,0,Inf,0.75,0,0.3,0,"fixed",3,0.2,0.3,0.1,"fixed_3",0.973,0.00512552436341883,0.973,0,1.01422941318549,-0.000374005123472382,-0.00187002561736191,0.0502062703416717,0.050182554656691,0.946,0.198540752595201,1,1000,1000,78.740675,4.43376034998305,0,20260709,1000
60,5,21,0,Inf,0.75,0,0.3,0,"fixed",3,0.2,0.3,0.1,"fixed_3",0.995,0.00223047080231955,0.995,0,0.994273964860841,-0.00178983943655864,-0.00894919718279319,0.0425221417449786,0.0425385464167517,0.94,0.161713362055569,1,1000,1000,78.76935,4.4345731675836,0,20260709,1000
90,5,21,0,Inf,0.75,0,0.3,0,"fixed",3,0.2,0.3,0.1,"fixed_3",1,0,1,0,0.991835045677713,-0.0016329908644574,-0.00816495432228698,0.0319833166713884,0.0320090029822925,0.955,0.132576700871313,1,1000,1000,78.7316111111111,4.42407861578473,0,20260709,1000
120,5,21,0,Inf,0.75,0,0.3,0,"fixed",3,0.2,0.3,0.1,"fixed_3",1,0,1,0,1.00065795705702,0.000131591411404813,0.000657957057024067,0.0303092216655386,0.0302943490663249,0.939,0.114543144281488,1,1000,1000,78.7367666666667,4.42286467696063,0,20260709,1000
150,5,21,0,Inf,0.75,0,0.3,0,"fixed",3,0.2,0.3,0.1,"fixed_3",1,0,1,0,0.990534697954238,-0.00189306040915235,-0.00946530204576176,0.0258389368467552,0.0258953023621261,0.958,0.102731053018668,1,1000,1000,78.7474066666667,4.42833218671695,0,20260709,1000
20,8,21,0,Inf,0.75,0,0.3,0,"fixed",3,0.2,0.3,0.1,"fixed_3",0.809,0.0124305671632472,0.809,0,1.12954858361391,0.00314541835633961,0.015727091781698,0.0722700302536567,0.0723023372528716,0.924,0.271751550768412,1,1000,1000,125.94825,5.59107210268289,0,20260709,1000
40,8,21,0,Inf,0.75,0,0.3,0,"fixed",3,0.2,0.3,0.1,"fixed_3",0.983,0.00408790900094413,0.983,0,1.01412185820959,0.000783710896651191,0.00391855448325595,0.0477644407931756,0.047746984881247,0.945,0.192057590011424,1,1000,1000,125.971375,5.56670401650772,0,20260709,1000
60,8,21,0,Inf,0.75,0,0.3,0,"fixed",3,0.2,0.3,0.1,"fixed_3",0.999,0.000999499874937461,0.999,0,0.996783680206568,-0.000768103590171848,-0.00384051795085924,0.040582827587259,0.0405698029599288,0.937,0.15774928864994,1,1000,1000,125.987483333333,5.58899393605931,0,20260709,1000
90,8,21,0,Inf,0.75,0,0.3,0,"fixed",3,0.2,0.3,0.1,"fixed_3",1,0,1,0,1.00287190971475,0.000574381942949287,0.00287190971474643,0.0326516511821697,0.0326403754453522,0.956,0.129283791829632,1,1000,1000,126.024544444444,5.59666774589283,0,20260709,1000
120,8,21,0,Inf,0.75,0,0.3,0,"fixed",3,0.2,0.3,0.1,"fixed_3",1,0,1,0,0.997329675504981,-0.000534064899003761,-0.00267032449501881,0.0296949332317447,0.0296848866579357,0.934,0.11232789901338,1,1000,1000,126.015841666667,5.59853099776678,0,20260709,1000
150,8,21,0,Inf,0.75,0,0.3,0,"fixed",3,0.2,0.3,0.1,"fixed_3",1,0,1,0,1.00131548747648,0.000263097495295045,0.00131548747647522,0.0254515735633783,0.0254402050806835,0.953,0.0997220616752074,1,1000,1000,125.982993333333,5.59949957920113,0,20260709,1000
20,4,3,0,Inf,0.75,0,0.3,0,"fixed",3,0.2,0.3,0.1,"fixed_3",0.387332521315469,0.017001326853961,0.318,0,1.49239475794069,-0.000971997175628125,-0.00485998587814063,0.105900101892283,0.105840050991677,0.962241169305725,0.451135402292018,0.821,821,1000,8.99515,1.47515589812296,0.6113,20260709,1000
40,4,3,0,Inf,0.75,0,0.3,0,"fixed",3,0.2,0.3,0.1,"fixed_3",0.687434002111932,0.0150629967124804,0.651,0,1.19072922176951,-0.00128610227164491,-0.00643051135822456,0.0790031487421527,0.078971898544748,0.938753959873284,0.312327337894294,0.947,947,1000,9.0068,1.49393185055361,0.6067,20260709,1000
60,4,3,0,Inf,0.75,0,0.3,0,"fixed",3,0.2,0.3,0.1,"fixed_3",0.854230377166157,0.0112664350397233,0.838,0,1.07736133794139,-0.00241255920010647,-0.0120627960005323,0.0665731258508492,0.066582908526047,0.941896024464832,0.253240598098058,0.981,981,1000,8.99485,1.50179053301933,0.611216666666667,20260709,1000
90,4,3,0,Inf,0.75,0,0.3,0,"fixed",3,0.2,0.3,0.1,"fixed_3",0.963819095477387,0.00592005760790749,0.959,0,1.0223539749318,7.50819322430651e-05,0.000375409661215326,0.0543887085578697,0.0543614225281848,0.941708542713568,0.206187965267741,0.995,995,1000,9.00063333333333,1.49538954753917,0.6095,20260709,1000
120,4,3,0,Inf,0.75,0,0.3,0,"fixed",3,0.2,0.3,0.1,"fixed_3",0.993,0.00263647491928143,0.993,0,1.00796693015379,0.00064673001801091,0.00323365009005455,0.0477110664513492,0.0476915901997336,0.936,0.178701939783011,1,1000,1000,9.00143333333333,1.49689126533198,0.607458333333333,20260709,1000
150,4,3,0,Inf,0.75,0,0.3,0,"fixed",3,0.2,0.3,0.1,"fixed_3",0.998,0.00141279864099595,0.998,0,1.00869565803314,0.00147632706611464,0.0073816353305732,0.0425298169635257,0.0425341755207056,0.941,0.160154508143432,1,1000,1000,8.99791333333333,1.49797545048284,0.61088,20260709,1000
20,6,3,0,Inf,0.75,0,0.3,0,"fixed",3,0.2,0.3,0.1,"fixed_3",0.55531914893617,0.0162080815067268,0.522,0,1.33604019861863,0.00290643024493933,0.0145321512246967,0.0952230320047301,0.0952167367811839,0.940425531914894,0.381241699094154,0.94,940,1000,13.50725,1.81481466591255,0.0199,20260709,1000
40,6,3,0,Inf,0.75,0,0.3,0,"fixed",3,0.2,0.3,0.1,"fixed_3",0.848790322580645,0.0113745485054889,0.842,0,1.10977490697915,0.00409780197255388,0.0204890098627694,0.0669695810868092,0.067061133888488,0.939516129032258,0.265813402200854,0.992,992,1000,13.495075,1.81513602412891,0.01795,20260709,1000
60,6,3,0,Inf,0.75,0,0.3,0,"fixed",3,0.2,0.3,0.1,"fixed_3",0.949,0.00695693898205238,0.949,0,1.0348705649695,0.00107218207130563,0.00536091035652816,0.054915205692743,0.0548982122737529,0.95,0.21619337241372,1,1000,1000,13.4932333333333,1.83079336134489,0.0197,20260709,1000
90,6,3,0,Inf,0.75,0,0.3,0,"fixed",3,0.2,0.3,0.1,"fixed_3",0.99,0.00314642654451046,0.99,0,1.00082288398684,-0.00102588334015336,-0.00512941670076678,0.044844305142548,0.0448336160558329,0.954,0.17762575421737,1,1000,1000,13.4931111111111,1.83103216636238,0.0196222222222222,20260709,1000
120,6,3,0,Inf,0.75,0,0.3,0,"fixed",3,0.2,0.3,0.1,"fixed_3",0.999,0.000999499874937461,0.999,0,1.00698637155812,0.00127378363278063,0.00636891816390317,0.0389638472225824,0.0389651861760918,0.945,0.154001849921413,1,1000,1000,13.5013833333333,1.83330278331931,0.0189666666666667,20260709,1000
150,6,3,0,Inf,0.75,0,0.3,0,"fixed",3,0.2,0.3,0.1,"fixed_3",1,0,1,0,0.992758682862965,-0.00144826342740698,-0.00724131713703488,0.033849414148773,0.0338634688467101,0.955,0.138028330728667,1,1000,1000,13.50726,1.83158166943282,0.01876,20260709,1000
20,7,3,0,Inf,0.75,0,0.3,0,"fixed",3,0.2,0.3,0.1,"fixed_3",0.576446280991736,0.0158816635693459,0.558,0,1.29395309084548,-0.00144234396049039,-0.00721171980245197,0.0915098490384517,0.0914739413521069,0.944214876033058,0.360121103760607,0.968,968,1000,15.72525,1.96491420458444,0.00165,20260709,1000
40,7,3,0,Inf,0.75,0,0.3,0,"fixed",3,0.2,0.3,0.1,"fixed_3",0.865,0.0108062481925967,0.865,0,1.07849554318982,-0.000285103101142298,-0.00142551550571149,0.063725665456417,0.0636944327331957,0.939,0.254068531622389,1,1000,1000,15.741375,1.96346138105359,0.001525,20260709,1000
60,7,3,0,Inf,0.75,0,0.3,0,"fixed",3,0.2,0.3,0.1,"fixed_3",0.972,0.0052168956286282,0.972,0,1.02057725222714,0.00104930417739665,0.00524652088698327,0.0523209295719251,0.0523052887465099,0.955,0.207602462190205,1,1000,1000,15.7623,1.96499541103794,0.0015,20260709,1000
90,7,3,0,Inf,0.75,0,0.3,0,"fixed",3,0.2,0.3,0.1,"fixed_3",0.996,0.00199599599197994,0.996,0,0.9977858860147,-0.00101867655354421,-0.00509338276772103,0.0447719979154184,0.0447611993523591,0.938,0.170380341537142,1,1000,1000,15.7541111111111,1.98008735420328,0.00175555555555556,20260709,1000
120,7,3,0,Inf,0.75,0,0.3,0,"fixed",3,0.2,0.3,0.1,"fixed_3",1,0,1,0,1.01280336456534,0.00256067291306758,0.0128033645653379,0.0370337099176426,0.0371036550808887,0.947,0.147037971122611,1,1000,1000,15.7480916666667,1.97856632117715,0.001675,20260709,1000
150,7,3,0,Inf,0.75,0,0.3,0,"fixed",3,0.2,0.3,0.1,"fixed_3",1,0,1,0,1.00076106118004,0.000152212236008586,0.000761061180042932,0.0342379441788672,0.0342211594388388,0.942,0.13145242757258,1,1000,1000,15.7484133333333,1.98112316039969,0.00165333333333333,20260709,1000
20,4,7,0,Inf,0.75,0,0.3,0,"fixed",3,0.2,0.3,0.1,"fixed_3",0.650201612903226,0.0151417853900941,0.645,0,1.2282501053335,-0.000776368686012496,-0.00388184343006248,0.0863499014398136,0.0863098591704776,0.9375,0.330922667989015,0.992,992,1000,21.00135,2.26835248971706,0,20260709,1000
40,4,7,0,Inf,0.75,0,0.3,0,"fixed",3,0.2,0.3,0.1,"fixed_3",0.905,0.00927227048785787,0.905,0,1.05567122569931,0.000228362519257064,0.00114181259628532,0.0599115870285694,0.0598820591785367,0.95,0.235939068403806,1,1000,1000,20.998425,2.27150539601196,0,20260709,1000
60,4,7,0,Inf,0.75,0,0.3,0,"fixed",3,0.2,0.3,0.1,"fixed_3",0.971,0.00530650544143696,0.971,0,1.02400414726955,0.00108303269441204,0.0054151634720602,0.0517441835010825,0.0517296435855176,0.939,0.193733024068886,1,1000,1000,21,2.28387709145699,0,20260709,1000
90,4,7,0,Inf,0.75,0,0.3,0,"fixed",3,0.2,0.3,0.1,"fixed_3",0.998,0.00141279864099595,0.998,0,1.00028761442462,-0.000192170125319552,-0.000960850626597759,0.0421699162392927,0.0421492640878865,0.942,0.157443816818496,1,1000,1000,20.9944888888889,2.29312158928525,0,20260709,1000
120,4,7,0,Inf,0.75,0,0.3,0,"fixed",3,0.2,0.3,0.1,"fixed_3",0.999,0.000999499874937461,0.999,0,0.996406549847162,-0.000848897534186294,-0.00424448767093147,0.0350879377018893,0.0350806618498432,0.948,0.136321977059424,1,1000,1000,20.9949833333333,2.29567640413807,8.33333333333338e-06,20260709,1000
150,4,7,0,Inf,0.75,0,0.3,0,"fixed",3,0.2,0.3,0.1,"fixed_3",1,0,1,0,0.998475465527848,-0.000304906894430385,-0.00152453447215192,0.0317585825578421,0.0317441636640731,0.949,0.122601497144771,1,1000,1000,20.99824,2.29361893853775,0,20260709,1000
20,6,7,0,Inf,0.75,0,0.3,0,"fixed",3,0.2,0.3,0.1,"fixed_3",0.700400801603206,0.0145003461611915,0.699,0,1.1750428664651,-0.004340788050127,-0.021703940250635,0.0816541886257675,0.0817286252972133,0.92685370741483,0.301755023669725,0.998,998,1000,31.48785,2.77240954980825,0,20260709,1000
40,6,7,0,Inf,0.75,0,0.3,0,"fixed",3,0.2,0.3,0.1,"fixed_3",0.951,0.00682634602111555,0.951,0,1.04058029395817,0.00251909055860536,0.0125954527930268,0.0554154164134262,0.0554449576168979,0.95,0.218542245765598,1,1000,1000,31.5432,2.79188621077848,0,20260709,1000
60,6,7,0,Inf,0.75,0,0.3,0,"fixed",3,0.2,0.3,0.1,"fixed_3",0.989,0.00329833291224522,0.989,0,1.01189318350111,0.00102058791617993,0.00510293958089963,0.0477122032592857,0.0476992608455329,0.941,0.179182202977436,1,1000,1000,31.5156333333333,2.78731357143403,0,20260709,1000
90,6,7,0,Inf,0.75,0,0.3,0,"fixed",3,0.2,0.3,0.1,"fixed_3",1,0,1,0,0.9958978508506,-0.000820429829880093,-0.00410214914940046,0.0383282243552587,0.0383178396383535,0.945,0.146216593993957,1,1000,1000,31.5081111111111,2.80392590838274,0,20260709,1000
120,6,7,0,Inf,0.75,0,0.3,0,"fixed",3,0.2,0.3,0.1,"fixed_3",1,0,1,0,0.996917698572786,-0.000616460285442821,-0.00308230142721411,0.0315861253375554,0.0315763464290827,0.958,0.126763389416612,1,1000,1000,31.4888416666667,2.80524184645989,0,20260709,1000
150,6,7,0,Inf,0.75,0,0.3,0,"fixed",3,0.2,0.3,0.1,"fixed_3",1,0,1,0,0.998774718105635,-0.000245056378872982,-0.00122528189436491,0.029081956647197,0.0290684450023706,0.941,0.113315768438492,1,1000,1000,31.4954333333333,2.79506044168945,0,20260709,1000
20,7,7,0,Inf,0.75,0,0.3,0,"fixed",3,0.2,0.3,0.1,"fixed_3",0.733733733733734,0.0139844236856836,0.733,0,1.15083983496598,-0.00209370915313523,-0.0104685457656761,0.0768345726980634,0.0768246426525317,0.938938938938939,0.30181425209543,0.999,999,1000,36.76115,2.9901473424848,0,20260709,1000
40,7,7,0,Inf,0.75,0,0.3,0,"fixed",3,0.2,0.3,0.1,"fixed_3",0.944,0.00727076337120113,0.944,0,1.02052076077084,-0.00277332952532008,-0.0138666476266004,0.0548660877533293,0.0549087302204912,0.947,0.214330979109582,1,1000,1000,36.756525,3.0280691062333,0,20260709,1000
60,7,7,0,Inf,0.75,0,0.3,0,"fixed",3,0.2,0.3,0.1,"fixed_3",0.996,0.00199599599197994,0.996,0,0.990574852145652,-0.00237067966773788,-0.0118533983386894,0.0420572634605382,0.0421030250512521,0.963,0.174996359560535,1,1000,1000,36.7323,3.02555401857802,0,20260709,1000
90,7,7,0,Inf,0.75,0,0.3,0,"fixed",3,0.2,0.3,0.1,"fixed_3",1,0,1,0,0.991662333177584,-0.00166753336448316,-0.00833766682241582,0.0356949964255556,0.0357160930754229,0.956,0.142878302943029,1,1000,1000,36.7516222222222,3.03356726279403,0,20260709,1000
120,7,7,0,Inf,0.75,0,0.3,0,"fixed",3,0.2,0.3,0.1,"fixed_3",1,0,1,0,1.00213394562672,0.000426789125344829,0.00213394562672414,0.0318562477916666,0.0318431759062788,0.954,0.124353285011966,1,1000,1000,36.7625916666667,3.01615638697076,0,20260709,1000
150,7,7,0,Inf,0.75,0,0.3,0,"fixed",3,0.2,0.3,0.1,"fixed_3",1,0,1,0,1.00335531863642,0.000671063727284926,0.00335531863642463,0.0281568742768292,0.0281507919248856,0.946,0.110883537664947,1,1000,1000,36.7545066666667,3.02684963314749,0,20260709,1000
20,4,14,0,Inf,0.75,0,0.3,0,"fixed",3,0.2,0.3,0.1,"fixed_3",0.767767767767768,0.0133595995990192,0.767,0,1.17258024972421,0.00482838660368975,0.0241419330184488,0.0783120956920449,0.0784216725505122,0.927927927927928,0.293864186554631,0.999,999,1000,42.02705,3.20644596220411,0,20260709,1000
40,4,14,0,Inf,0.75,0,0.3,0,"fixed",3,0.2,0.3,0.1,"fixed_3",0.955,0.00655553201502365,0.955,0,1.02389911846698,-0.00053096546469425,-0.00265482732347125,0.0544701066231604,0.0544454538721795,0.936,0.21003582307448,1,1000,1000,42.002275,3.21924860583036,0,20260709,1000
60,4,14,0,Inf,0.75,0,0.3,0,"fixed",3,0.2,0.3,0.1,"fixed_3",0.995,0.00223047080231955,0.995,0,1.00658980326254,0.000707844101679012,0.00353922050839506,0.0441863206321672,0.0441698940835266,0.942,0.172292865753101,1,1000,1000,41.9732333333333,3.22396412861925,0,20260709,1000
90,4,14,0,Inf,0.75,0,0.3,0,"fixed",3,0.2,0.3,0.1,"fixed_3",1,0,1,0,1.00485752084568,0.000971504169135828,0.00485752084567914,0.0373147451483198,0.0373087340394876,0.942,0.139961059029459,1,1000,1000,41.9895222222222,3.22961445445092,0,20260709,1000
120,4,14,0,Inf,0.75,0,0.3,0,"fixed",3,0.2,0.3,0.1,"fixed_3",1,0,1,0,0.992448087900158,-0.00151038241996834,-0.00755191209984171,0.0309917449152306,0.0310130459596019,0.938,0.121532704631401,1,1000,1000,41.9925083333333,3.23299098631396,0,20260709,1000
150,4,14,0,Inf,0.75,0,0.3,0,"fixed",3,0.2,0.3,0.1,"fixed_3",1,0,1,0,1.0007388685799,0.000147773715979349,0.000738868579896745,0.0281493033321716,0.0281356132309153,0.946,0.10905650478967,1,1000,1000,42.00714,3.23996304025527,0,20260709,1000
20,6,14,0,Inf,0.75,0,0.3,0,"fixed",3,0.2,0.3,0.1,"fixed_3",0.78,0.0130996183150503,0.78,0,1.1279531673767,-0.000330241076371751,-0.00165120538185876,0.0705359151185622,0.0705014117976365,0.95,0.282720290619028,1,1000,1000,63.00375,3.89112511036885,0,20260709,1000
40,6,14,0,Inf,0.75,0,0.3,0,"fixed",3,0.2,0.3,0.1,"fixed_3",0.977,0.00474035863622153,0.977,0,1.01993809121599,0.00118417124413528,0.0059208562206764,0.0507159973305719,0.0507044626673508,0.948,0.201992552977735,1,1000,1000,63.033075,3.95141821256758,0,20260709,1000
60,6,14,0,Inf,0.75,0,0.3,0,"fixed",3,0.2,0.3,0.1,"fixed_3",0.996,0.00199599599197994,0.996,0,1.0025364618915,-1.13138652618472e-05,-5.6569326309236e-05,0.0422106668915311,0.0421895577961173,0.949,0.164745833190089,1,1000,1000,62.9994,3.93129378109361,0,20260709,1000
90,6,14,0,Inf,0.75,0,0.3,0,"fixed",3,0.2,0.3,0.1,"fixed_3",1,0,1,0,0.99870771833036,-0.000258456333927931,-0.00129228166963966,0.0336993971259334,0.033683534805024,0.953,0.135172914615766,1,1000,1000,62.9931,3.9658503662533,0,20260709,1000
120,6,14,0,Inf,0.75,0,0.3,0,"fixed",3,0.2,0.3,0.1,"fixed_3",1,0,1,0,0.997231275405251,-0.000553744918949828,-0.00276872459474914,0.0285493266113797,0.0285404207983788,0.95,0.116267015652585,1,1000,1000,62.9955166666667,3.97208415495233,0,20260709,1000
150,6,14,0,Inf,0.75,0,0.3,0,"fixed",3,0.2,0.3,0.1,"fixed_3",1,0,1,0,1.0012417701429,0.000248354028579034,0.00124177014289517,0.0265317225446955,0.0265196162983371,0.944,0.104251287586367,1,1000,1000,63.0107933333333,3.97252327621549,0,20260709,1000
20,7,14,0,Inf,0.75,0,0.3,0,"fixed",3,0.2,0.3,0.1,"fixed_3",0.78,0.0130996183150503,0.78,0,1.12218227113154,-0.00116691284396156,-0.0058345642198078,0.0717475647937836,0.0717211755785538,0.936,0.280586672017189,1,1000,1000,73.5007,4.24934660012714,0,20260709,1000
40,7,14,0,Inf,0.75,0,0.3,0,"fixed",3,0.2,0.3,0.1,"fixed_3",0.971,0.00530650544143696,0.971,0,1.01865755237422,0.000300030548065627,0.00150015274032814,0.0522120345688801,0.0521867844918413,0.936,0.200365801899672,1,1000,1000,73.501025,4.26626554623098,0,20260709,1000
60,7,14,0,Inf,0.75,0,0.3,0,"fixed",3,0.2,0.3,0.1,"fixed_3",0.996,0.00199599599197994,0.996,0,0.994028953168728,-0.00170460901488126,-0.00852304507440629,0.0429382729781087,0.0429506377478827,0.937,0.163134664414937,1,1000,1000,73.5103166666667,4.28689854413093,0,20260709,1000
90,7,14,0,Inf,0.75,0,0.3,0,"fixed",3,0.2,0.3,0.1,"fixed_3",1,0,1,0,0.999287647685814,-0.000142470462837135,-0.000712352314185677,0.0353033445090786,0.0352859760418491,0.943,0.133504553449632,1,1000,1000,73.4907555555556,4.2911089802949,0,20260709,1000
120,7,14,0,Inf,0.75,0,0.3,0,"fixed",3,0.2,0.3,0.1,"fixed_3",1,0,1,0,1.00693686098948,0.00138737219789548,0.00693686098947738,0.0294276018567043,0.0294455865776378,0.949,0.115671451858334,1,1000,1000,73.5078,4.28157599642007,0,20260709,1000
150,7,14,0,Inf,0.75,0,0.3,0,"fixed",3,0.2,0.3,0.1,"fixed_3",1,0,1,0,0.989811487935473,-0.00203770241290549,-0.0101885120645274,0.0276251612616379,0.0276864337956395,0.936,0.103193251241935,1,1000,1000,73.5016333333333,4.28436902649056,0,20260709,1000
20,4,28,0,Inf,0.75,0,0.3,0,"fixed",3,0.2,0.3,0.1,"fixed_3",0.798,0.0126962986732354,0.798,0,1.11633461343086,-0.000253902760869396,-0.00126951380434698,0.0699488462753285,0.0699143241458162,0.942,0.277234515124378,1,1000,1000,84.0389,4.5270511161655,0,20260709,1000
40,4,28,0,Inf,0.75,0,0.3,0,"fixed",3,0.2,0.3,0.1,"fixed_3",0.972,0.0052168956286282,0.972,0,1.01291064287222,-0.0007352203158697,-0.0036761015793485,0.0498858534021158,0.0498663245106414,0.947,0.196520158567008,1,1000,1000,83.948725,4.53956556627868,0,20260709,1000
60,4,28,0,Inf,0.75,0,0.3,0,"fixed",3,0.2,0.3,0.1,"fixed_3",0.996,0.00199599599197994,0.996,0,1.0157946362275,0.00264099513711816,0.0132049756855908,0.0414405489744258,0.0415039351810978,0.939,0.160976870066364,1,1000,1000,83.9830166666667,4.56739731563658,0,20260709,1000
90,4,28,0,Inf,0.75,0,0.3,0,"fixed",3,0.2,0.3,0.1,"fixed_3",1,0,1,0,0.999059394022669,-0.000188121195466129,-0.000940605977330644,0.0346347405418656,0.0346179299891563,0.929,0.13192900493146,1,1000,1000,84.0138222222222,4.57838419816478,0,20260709,1000
120,4,28,0,Inf,0.75,0,0.3,0,"fixed",3,0.2,0.3,0.1,"fixed_3",1,0,1,0,1.00403094448407,0.000806188896814775,0.00403094448407387,0.0290657992198162,0.029062446630312,0.947,0.114446401131367,1,1000,1000,83.9835333333333,4.58448512869582,0,20260709,1000
150,4,28,0,Inf,0.75,0,0.3,0,"fixed",3,0.2,0.3,0.1,"fixed_3",1,0,1,0,1.00581093164977,0.00116218632995457,0.00581093164977287,0.026247453217335,0.0262600561435296,0.943,0.102080486551762,1,1000,1000,83.9978933333333,4.58724270097641,0,20260709,1000
20,6,28,0,Inf,0.75,0,0.3,0,"fixed",3,0.2,0.3,0.1,"fixed_3",0.809,0.0124305671632472,0.809,0,1.10127397535783,-0.0013373139102226,-0.00668656955111299,0.0675714156504491,0.067550860285323,0.947,0.271453478257536,1,1000,1000,125.95125,5.51577067357935,0,20260709,1000
40,6,28,0,Inf,0.75,0,0.3,0,"fixed",3,0.2,0.3,0.1,"fixed_3",0.983,0.00408790900094413,0.983,0,1.01240816347244,0.00028539110871359,0.00142695554356795,0.0502504484837438,0.0502261277954961,0.952,0.19229843948945,1,1000,1000,126.0009,5.60681417170033,0,20260709,1000
60,6,28,0,Inf,0.75,0,0.3,0,"fixed",3,0.2,0.3,0.1,"fixed_3",1,0,1,0,1.00053254490219,0.000106508980437375,0.000532544902186877,0.0401738417688067,0.0401538910825037,0.942,0.157908788967338,1,1000,1000,126.037366666667,5.62753455878946,0,20260709,1000
90,6,28,0,Inf,0.75,0,0.3,0,"fixed",3,0.2,0.3,0.1,"fixed_3",1,0,1,0,0.997992634500286,-0.000401473099942762,-0.00200736549971381,0.033774023277193,0.0337595193142619,0.941,0.129213046178945,1,1000,1000,126.005766666667,5.61349551612239,0,20260709,1000
120,6,28,0,Inf,0.75,0,0.3,0,"fixed",3,0.2,0.3,0.1,"fixed_3",1,0,1,0,1.00837808991681,0.00167561798336288,0.00837808991681441,0.0276078705591176,0.0276448913529851,0.947,0.112233944014368,1,1000,1000,125.990533333333,5.61013847822111,0,20260709,1000
150,6,28,0,Inf,0.75,0,0.3,0,"fixed",3,0.2,0.3,0.1,"fixed_3",1,0,1,0,0.999999517738542,-9.6452291542537e-08,-4.82261457712685e-07,0.0259911632133456,0.0259781643813971,0.944,0.100385071810407,1,1000,1000,126.002446666667,5.59697113109725,0,20260709,1000
20,7,28,0,Inf,0.75,0,0.3,0,"fixed",3,0.2,0.3,0.1,"fixed_3",0.815,0.0122790471943062,0.815,0,1.10549904087279,-0.00019363316215687,-0.000968165810784349,0.0681104141368116,0.0680766257916443,0.941,0.268878071453339,1,1000,1000,147.0305,5.97184335970591,0,20260709,1000
40,7,28,0,Inf,0.75,0,0.3,0,"fixed",3,0.2,0.3,0.1,"fixed_3",0.973,0.00512552436341883,0.973,0,0.992904337879213,-0.0045630944783,-0.0228154723915,0.0493523682579557,0.0495382925385413,0.939,0.192376789427958,1,1000,1000,146.9761,6.02921274741731,0,20260709,1000
60,7,28,0,Inf,0.75,0,0.3,0,"fixed",3,0.2,0.3,0.1,"fixed_3",0.998,0.00141279864099595,0.998,0,1.00274802565099,0.000253276076008391,0.00126638038004195,0.0400150686167372,0.0399958580287567,0.945,0.156825170913993,1,1000,1000,146.916666666667,6.05488716657343,0,20260709,1000
90,7,28,0,Inf,0.75,0,0.3,0,"fixed",3,0.2,0.3,0.1,"fixed_3",1,0,1,0,1.00454719533273,0.000909439066545947,0.00454719533272974,0.032818979350282,0.0328151702662717,0.949,0.127954064229016,1,1000,1000,147.002122222222,6.02182206206795,0,20260709,1000
120,7,28,0,Inf,0.75,0,0.3,0,"fixed",3,0.2,0.3,0.1,"fixed_3",1,0,1,0,0.99502067032035,-0.000995865935930068,-0.00497932967965034,0.0286206746150546,0.0286236898629047,0.956,0.11120632165457,1,1000,1000,147.0291,6.05260868070779,0,20260709,1000
150,7,28,0,Inf,0.75,0,0.3,0,"fixed",3,0.2,0.3,0.1,"fixed_3",1,0,1,0,1.00292496180609,0.000584992361217784,0.00292496180608892,0.0260965319907028,0.0260900396516087,0.941,0.0996036553729955,1,1000,1000,146.98884,6.0412231720701,0,20260709,1000
20,4,21,0,Inf,0.75,0,0.3,0,"fixed",3,0.2,0.3,0.1,"fixed_3",0.775,0.0132051126462443,0.775,0,1.12089287809575,-0.00212152590347625,-0.0106076295173813,0.0714883506008831,0.0714840860578232,0.951,0.283270040104539,1,1000,1000,63.02,3.91860437755791,0,20260709,1000
40,4,21,0,Inf,0.75,0,0.3,0,"fixed",3,0.2,0.3,0.1,"fixed_3",0.968,0.00556560868189635,0.968,0,1.02191973870832,0.000518333934941606,0.00259166967470803,0.0527399776833904,0.0527161494313326,0.935,0.200524457207771,1,1000,1000,63.002025,3.9503355298115,0,20260709,1000
60,4,21,0,Inf,0.75,0,0.3,0,"fixed",3,0.2,0.3,0.1,"fixed_3",0.996,0.00199599599197994,0.996,0,0.998551891485251,-0.000818331140451739,-0.0040916557022587,0.0406695004870538,0.0406573969586352,0.943,0.163984609141007,1,1000,1000,63.0043333333333,3.93005855112915,0,20260709,1000
90,4,21,0,Inf,0.75,0,0.3,0,"fixed",3,0.2,0.3,0.1,"fixed_3",1,0,1,0,1.00101848310703,0.000203696621406818,0.00101848310703409,0.0341211847547438,0.034104728207858,0.953,0.135075724128596,1,1000,1000,63.0104222222222,3.95644647262656,0,20260709,1000
120,4,21,0,Inf,0.75,0,0.3,0,"fixed",3,0.2,0.3,0.1,"fixed_3",1,0,1,0,0.990579607359214,-0.00188407852815728,-0.0094203926407864,0.0291317143700682,0.0291780375840693,0.959,0.116645835071323,1,1000,1000,63.0000333333333,3.95559468558532,0,20260709,1000
150,4,21,0,Inf,0.75,0,0.3,0,"fixed",3,0.2,0.3,0.1,"fixed_3",1,0,1,0,0.995712574152061,-0.000857485169587724,-0.00428742584793862,0.0264906370010749,0.0264912698013904,0.955,0.104828331305046,1,1000,1000,62.9987666666667,3.95538816651202,0,20260709,1000
20,6,21,0,Inf,0.75,0,0.3,0,"fixed",3,0.2,0.3,0.1,"fixed_3",0.818,0.0122014753206323,0.818,0,1.11806550710378,0.0024202587033576,0.012101293516788,0.069862808989947,0.0698697997712677,0.935,0.273837266587101,1,1000,1000,94.48985,4.76551882275924,0,20260709,1000
40,6,21,0,Inf,0.75,0,0.3,0,"fixed",3,0.2,0.3,0.1,"fixed_3",0.979,0.00453420334788814,0.979,0,1.02564906287999,0.00258059084559004,0.0129029542279502,0.048205983916454,0.0482509328156504,0.952,0.196066026901167,1,1000,1000,94.514275,4.84888061885394,0,20260709,1000
60,6,21,0,Inf,0.75,0,0.3,0,"fixed",3,0.2,0.3,0.1,"fixed_3",1,0,1,0,1.00041644572638,8.32891452763884e-05,0.000416445726381942,0.0405873258418753,0.0405671126043903,0.95,0.159731424669295,1,1000,1000,94.4814833333333,4.84224106348934,0,20260709,1000
90,6,21,0,Inf,0.75,0,0.3,0,"fixed",3,0.2,0.3,0.1,"fixed_3",1,0,1,0,0.999838381573448,-3.23236853104203e-05,-0.000161618426552101,0.0339361250058466,0.0339191681008344,0.943,0.130671059408631,1,1000,1000,94.5069,4.86192743880046,0,20260709,1000
120,6,21,0,Inf,0.75,0,0.3,0,"fixed",3,0.2,0.3,0.1,"fixed_3",1,0,1,0,1.00417354501452,0.000834709002903888,0.00417354501451944,0.0290466401322739,0.0290441101566287,0.954,0.113710473923552,1,1000,1000,94.511525,4.84822143474235,0,20260709,1000
150,6,21,0,Inf,0.75,0,0.3,0,"fixed",3,0.2,0.3,0.1,"fixed_3",1,0,1,0,1.0094088178202,0.00188176356403935,0.00940881782019676,0.0248961789068636,0.0249547778701664,0.956,0.101312850911129,1,1000,1000,94.50036,4.84706796548981,0,20260709,1000
20,7,21,0,Inf,0.75,0,0.3,0,"fixed",3,0.2,0.3,0.1,"fixed_3",0.8,0.0126491106406735,0.8,0,1.13213921164998,0.00270431008013916,0.0135215504006958,0.0705509710410974,0.0705675234675022,0.939,0.272701552417203,1,1000,1000,110.32485,5.15296220052072,0,20260709,1000
40,7,21,0,Inf,0.75,0,0.3,0,"fixed",3,0.2,0.3,0.1,"fixed_3",0.986,0.00371537346709587,0.986,0,1.012345281411,0.00093484586962328,0.0046742293481164,0.04848282333446,0.0484675923800835,0.955,0.194451251652586,1,1000,1000,110.19385,5.22786245653204,0,20260709,1000
60,7,21,0,Inf,0.75,0,0.3,0,"fixed",3,0.2,0.3,0.1,"fixed_3",0.996,0.00199599599197994,0.996,0,0.987657580238838,-0.00299549446725517,-0.0149774723362758,0.0409673277078078,0.041056261455261,0.953,0.159590397863286,1,1000,1000,110.247333333333,5.23326653030486,0,20260709,1000
90,7,21,0,Inf,0.75,0,0.3,0,"fixed",3,0.2,0.3,0.1,"fixed_3",1,0,1,0,1.00073356158234,0.000146712316468789,0.000733561582343945,0.0331060437429764,0.0330898118260494,0.948,0.13009556393092,1,1000,1000,110.242488888889,5.22637400997788,0,20260709,1000
120,7,21,0,Inf,0.75,0,0.3,0,"fixed",3,0.2,0.3,0.1,"fixed_3",1,0,1,0,0.998696019602458,-0.000260796079508324,-0.00130398039754162,0.0303273196214998,0.0303132740512184,0.94,0.112420894758715,1,1000,1000,110.267316666667,5.23340777915456,0,20260709,1000
150,7,21,0,Inf,0.75,0,0.3,0,"fixed",3,0.2,0.3,0.1,"fixed_3",1,0,1,0,1.00389640790909,0.000779281581818059,0.00389640790909029,0.0264503586983857,0.0264486130748241,0.95,0.100801263289817,1,1000,1000,110.226853333333,5.24534031788276,0,20260709,1000
