"N","lambda_bar","cv","D","cap","compliance","decay","phi","trigger_link","trigger_mode","model","beta1","beta_l2","beta_cross","grid","power","mcse_power","power_all","type_s","type_m","bias","rel_bias","emp_se","rmse","coverage","ci_width","conv_rate","R_converged","R_total","mean_n","sd_n","below_k","master_seed","R_requested"
20,1,0.3,7,Inf,0.75,0,0.3,0,"poisson",8,0.2,0.3,0.1,"model_8",0.1158357771261,0.0122545012296154,0.079,0,3.24804035002775,0.00771913307805382,0.0771913307805382,0.146593872709407,0.146689599543525,0.950146627565982,0.5426424318528,0.682,682,1000,5.25815,2.73498492734804,0.92515,20260709,1000
40,1,0.3,7,Inf,0.75,0,0.3,0,"poisson",8,0.2,0.3,0.1,"model_8",0.254355400696864,0.0181773459937065,0.146,0,2.14881808892871,0.0057116573333166,0.057116573333166,0.0934462550387562,0.0935393645145151,0.954703832752613,0.357047454083081,0.574,574,1000,5.268425,2.75195004475285,0.923325,20260709,1000
60,1,0.3,7,Inf,0.75,0,0.3,0,"poisson",8,0.2,0.3,0.1,"model_8",0.323108384458078,0.0211484845188903,0.158,0,1.86465159502419,0.00761502965219216,0.0761502965219216,0.076979551408832,0.0772769157402132,0.918200408997955,0.285318819003731,0.489,489,1000,5.2518,2.78040529541781,0.92425,20260709,1000
90,1,0.3,7,Inf,0.75,0,0.3,0,"poisson",8,0.2,0.3,0.1,"model_8",0.405660377358491,0.02384600929786,0.172,0,1.56370795368901,0.00274319795578355,0.0274319795578355,0.058859890879584,0.0588544045085399,0.957547169811321,0.233474361171952,0.424,424,1000,5.22965555555556,2.76190049770794,0.924588888888889,20260709,1000
120,1,0.3,7,Inf,0.75,0,0.3,0,"poisson",8,0.2,0.3,0.1,"model_8",0.550239234449761,0.0243320342987305,0.23,0,1.40110328714786,0.00393489680163743,0.0393489680163743,0.0509475089631022,0.0510384403814675,0.952153110047847,0.198152570002541,0.418,418,1000,5.24814166666667,2.77432080815691,0.923291666666667,20260709,1000
150,1,0.3,7,Inf,0.75,0,0.3,0,"poisson",8,0.2,0.3,0.1,"model_8",0.64054054054054,0.0249457983498155,0.237,0,1.32191854483152,0.00480169356524267,0.0480169356524267,0.0462795919358645,0.0464657749369786,0.943243243243243,0.177924346506934,0.37,370,1000,5.26501333333333,2.77988493567027,0.922906666666667,20260709,1000
20,2,0.3,7,Inf,0.75,0,0.3,0,"poisson",8,0.2,0.3,0.1,"model_8",0.239478957915832,0.0135090256561951,0.239,0.00416666666666667,2.02709470530537,-0.00219707648652338,-0.0219707648652338,0.0863103471360445,0.0862950680108644,0.945891783567134,0.330054684065002,0.998,998,1000,10.5171,4.44301877558351,0.44865,20260709,1000
40,2,0.3,7,Inf,0.75,0,0.3,0,"poisson",8,0.2,0.3,0.1,"model_8",0.472,0.0157865765763195,0.472,0.00211416490486258,1.48507099932883,0.00225103722804633,0.0225103722804633,0.0575050956105081,0.0575203994575365,0.952,0.220886534252097,1,1000,1000,10.5287,4.48749202781524,0.451575,20260709,1000
60,2,0.3,7,Inf,0.75,0,0.3,0,"poisson",8,0.2,0.3,0.1,"model_8",0.582,0.0155973074599432,0.582,0,1.27220844647583,-0.00156355875825501,-0.0156355875825501,0.0452005850122068,0.04520502746986,0.951,0.178899629828744,1,1000,1000,10.49505,4.49596536172058,0.452683333333333,20260709,1000
90,2,0.3,7,Inf,0.75,0,0.3,0,"poisson",8,0.2,0.3,0.1,"model_8",0.796,0.0127429980773757,0.796,0,1.1407529238755,0.00153095545756171,0.0153095545756171,0.036325544979146,0.0363396408544026,0.954,0.14480981274846,1,1000,1000,10.4927111111111,4.5011039145516,0.452677777777778,20260709,1000
120,2,0.3,7,Inf,0.75,0,0.3,0,"poisson",8,0.2,0.3,0.1,"model_8",0.886,0.0100500746265886,0.886,0,1.06823412456811,0.00034087968308083,0.0034087968308083,0.0310112691524127,0.030997634015958,0.959,0.123952451094518,1,1000,1000,10.484675,4.48199080160401,0.454066666666667,20260709,1000
150,2,0.3,7,Inf,0.75,0,0.3,0,"poisson",8,0.2,0.3,0.1,"model_8",0.923,0.00843036179532053,0.923,0,1.03922301767018,-0.000646962902743312,-0.00646962902743312,0.0290333576032221,0.0290260482818517,0.948,0.110602518577462,1,1000,1000,10.48782,4.49497830739767,0.45384,20260709,1000
20,4,0.3,7,Inf,0.75,0,0.3,0,"poisson",8,0.2,0.3,0.1,"model_8",0.468,0.0157789733506334,0.468,0,1.4525393073663,0.000751497983510721,0.00751497983510721,0.0574188021303041,0.0573950056055416,0.946,0.218011267978338,1,1000,1000,21.0653,7.7145427822721,0.0448,20260709,1000
40,4,0.3,7,Inf,0.75,0,0.3,0,"poisson",8,0.2,0.3,0.1,"model_8",0.75,0.0136930639376292,0.75,0,1.14646356509465,-0.000492583730861029,-0.00492583730861029,0.0371800017821466,0.0371646716482173,0.951,0.148417833181418,1,1000,1000,20.98705,7.7027571666749,0.0455,20260709,1000
60,4,0.3,7,Inf,0.75,0,0.3,0,"poisson",8,0.2,0.3,0.1,"model_8",0.892,0.00981509042240569,0.892,0,1.06800919478543,0.000413421076050607,0.00413421076050607,0.0312993607894613,0.0312864388006875,0.945,0.119652313981801,1,1000,1000,20.9863,7.78861441002341,0.0468333333333333,20260709,1000
90,4,0.3,7,Inf,0.75,0,0.3,0,"poisson",8,0.2,0.3,0.1,"model_8",0.985,0.00384382621875652,0.985,0,1.0121834735032,0.000300722437427611,0.00300722437427611,0.0248270560490855,0.0248164615394045,0.951,0.0964101457179999,1,1000,1000,21.0248555555556,7.77619844238753,0.0464222222222222,20260709,1000
120,4,0.3,7,Inf,0.75,0,0.3,0,"poisson",8,0.2,0.3,0.1,"model_8",0.997,0.00172945077987204,0.997,0,0.992307684291579,-0.000942007875049722,-0.00942007875049722,0.0210376533523726,0.0210482221233214,0.955,0.083048616914406,1,1000,1000,21.0098,7.78034943168685,0.0457666666666667,20260709,1000
150,4,0.3,7,Inf,0.75,0,0.3,0,"poisson",8,0.2,0.3,0.1,"model_8",1,0,1,0,1.00648668335427,0.000648668335426775,0.00648668335426775,0.0192825173367117,0.0192837867125503,0.943,0.0743447479750614,1,1000,1000,21.0040466666667,7.77265587679073,0.04704,20260709,1000
20,1,0.9,7,Inf,0.75,0,0.3,0,"poisson",8,0.2,0.3,0.1,"model_8",0.129912663755459,0.0111086026084306,0.119,0.00833333333333333,3.1214262135808,-0.000653740219773338,-0.00653740219773338,0.155619174168973,0.155535579900525,0.939956331877729,0.565520072243197,0.916,916,1000,5.26175,5.10735701443111,0.83065,20260709,1000
40,1,0.9,7,Inf,0.75,0,0.3,0,"poisson",8,0.2,0.3,0.1,"model_8",0.233766233766234,0.013923087343171,0.216,0.00460829493087558,2.14256425959233,0.00371819113992182,0.0371819113992182,0.0958709812460029,0.0958912027014323,0.937229437229437,0.355654329010696,0.924,924,1000,5.248875,5.10917591329808,0.828425,20260709,1000
60,1,0.9,7,Inf,0.75,0,0.3,0,"poisson",8,0.2,0.3,0.1,"model_8",0.337552742616034,0.0153582702390155,0.32,0.00311526479750779,1.78643021746466,0.00384384573124509,0.0384384573124509,0.0742272290207746,0.0742875815850943,0.95464135021097,0.284098641474516,0.948,948,1000,5.22943333333333,5.16208339940916,0.8321,20260709,1000
90,1,0.9,7,Inf,0.75,0,0.3,0,"poisson",8,0.2,0.3,0.1,"model_8",0.420560747663551,0.0159076189870189,0.405,0,1.45327795208589,-0.00250357823427819,-0.0250357823427819,0.0551401440823175,0.0551683436357372,0.954309449636552,0.224195125779493,0.963,963,1000,5.26937777777778,5.20756078100521,0.830211111111111,20260709,1000
120,1,0.9,7,Inf,0.75,0,0.3,0,"poisson",8,0.2,0.3,0.1,"model_8",0.561991869918699,0.0158164332591338,0.553,0,1.35778802018313,0.00169228312556127,0.0169228312556127,0.0502762134831336,0.0502791474267594,0.952235772357724,0.194977325499214,0.984,984,1000,5.24555,5.23122384448408,0.83235,20260709,1000
150,1,0.9,7,Inf,0.75,0,0.3,0,"poisson",8,0.2,0.3,0.1,"model_8",0.626016260162602,0.0154248737386167,0.616,0,1.26080959429176,0.000483832566472969,0.00483832566472969,0.0434394163796456,0.043420033668947,0.946138211382114,0.173186905851346,0.984,984,1000,5.25627333333333,5.22898819394905,0.83124,20260709,1000
20,2,0.9,7,Inf,0.75,0,0.3,0,"poisson",8,0.2,0.3,0.1,"model_8",0.229376257545272,0.0133352828478284,0.228,0,2.02299477847802,0.000512110046414813,0.00512110046414813,0.0912868468632115,0.0912423535260744,0.950704225352113,0.351350418584312,0.994,994,1000,10.58615,9.69101266731444,0.5766,20260709,1000
40,2,0.9,7,Inf,0.75,0,0.3,0,"poisson",8,0.2,0.3,0.1,"model_8",0.45,0.0157321327225523,0.45,0,1.50098945115903,0.00321620122556163,0.0321620122556163,0.0588445432210125,0.0589029841090078,0.955,0.228319070656974,1,1000,1000,10.607725,9.84800976320843,0.5739,20260709,1000
60,2,0.9,7,Inf,0.75,0,0.3,0,"poisson",8,0.2,0.3,0.1,"model_8",0.606,0.0154519901630826,0.606,0,1.29905498700283,0.00157239200977208,0.0157239200977208,0.0471210493513498,0.0471237234873558,0.956,0.180680157802425,1,1000,1000,10.4887,9.835174585789,0.579633333333333,20260709,1000
90,2,0.9,7,Inf,0.75,0,0.3,0,"poisson",8,0.2,0.3,0.1,"model_8",0.758,0.0135438546950268,0.758,0,1.14696054623885,-0.000660335182798025,-0.00660335182798025,0.0381026697767945,0.0380893380518613,0.937,0.145494761883636,1,1000,1000,10.4804333333333,9.8132713841834,0.579377777777778,20260709,1000
120,2,0.9,7,Inf,0.75,0,0.3,0,"poisson",8,0.2,0.3,0.1,"model_8",0.862,0.0109066951914867,0.862,0,1.08231050482101,-5.82605397611152e-05,-0.000582605397611152,0.0334655024605639,0.0334488162626656,0.945,0.125174570451528,1,1000,1000,10.4695,9.8824722616808,0.58115,20260709,1000
150,2,0.9,7,Inf,0.75,0,0.3,0,"poisson",8,0.2,0.3,0.1,"model_8",0.952,0.00675988165576884,0.952,0,1.04911887949651,0.00207830522118975,0.0207830522118975,0.0277429249401389,0.0278068259055645,0.959,0.110467412350517,1,1000,1000,10.5198466666667,9.92622526265801,0.579306666666667,20260709,1000
20,4,0.9,7,Inf,0.75,0,0.3,0,"poisson",8,0.2,0.3,0.1,"model_8",0.424,0.0156276677722557,0.424,0.00235294117647059,1.47554054418675,-0.00129017332360731,-0.0129017332360731,0.0614993592353259,0.0614821401902558,0.951,0.234140155127895,1,1000,1000,20.98205,18.5074049458379,0.33125,20260709,1000
40,4,0.9,7,Inf,0.75,0,0.3,0,"poisson",8,0.2,0.3,0.1,"model_8",0.748,0.013729384545565,0.748,0,1.17687781735536,0.00205837043232182,0.0205837043232182,0.0400236674004512,0.0400565718336756,0.941,0.153546039078127,1,1000,1000,20.98825,19.0083498915479,0.331425,20260709,1000
60,4,0.9,7,Inf,0.75,0,0.3,0,"poisson",8,0.2,0.3,0.1,"model_8",0.895,0.00969407035254026,0.895,0,1.05923986484872,-2.23978632298283e-05,-0.000223978632298283,0.0312589363406573,0.0312433109915129,0.951,0.121299391365912,1,1000,1000,20.86535,18.9067250427078,0.330383333333333,20260709,1000
90,4,0.9,7,Inf,0.75,0,0.3,0,"poisson",8,0.2,0.3,0.1,"model_8",0.977,0.00474035863622153,0.977,0,1.01857587687136,0.000431831212520911,0.00431831212520911,0.0245751918117035,0.0245666967809176,0.955,0.0974119060586996,1,1000,1000,21.0222222222222,19.2179886619852,0.331133333333333,20260709,1000
120,4,0.9,7,Inf,0.75,0,0.3,0,"poisson",8,0.2,0.3,0.1,"model_8",0.989,0.00329833291224522,0.989,0,0.991089950697516,-0.00152060602792946,-0.0152060602792946,0.0215646621635404,0.0216074492308921,0.95,0.0836391068133467,1,1000,1000,20.9709416666667,19.3148777378379,0.334566666666667,20260709,1000
150,4,0.9,7,Inf,0.75,0,0.3,0,"poisson",8,0.2,0.3,0.1,"model_8",0.999,0.000999499874937461,0.999,0,0.996830239104761,-0.00038074892211315,-0.0038074892211315,0.0191145260213761,0.0191087600240972,0.944,0.0744506409955057,1,1000,1000,21.09174,19.4889212776805,0.332933333333333,20260709,1000
20,1,0.3,14,Inf,0.75,0,0.3,0,"poisson",8,0.2,0.3,0.1,"model_8",0.24974924774323,0.013709061825059,0.249,0.0119047619047619,1.96332365560584,-0.00206692998798481,-0.0206692998798481,0.0894953738615047,0.0894743573303302,0.942828485456369,0.330367691394044,0.997,997,1000,10.5381,4.45840937193789,0.4501,20260709,1000
40,1,0.3,14,Inf,0.75,0,0.3,0,"poisson",8,0.2,0.3,0.1,"model_8",0.416,0.0155866609637857,0.416,0.00239808153477218,1.47776095076629,-0.00109939772412579,-0.0109939772412579,0.0557603215705848,0.0557432769358708,0.958,0.223261659059105,1,1000,1000,10.506275,4.5219896213374,0.45365,20260709,1000
60,1,0.3,14,Inf,0.75,0,0.3,0,"poisson",8,0.2,0.3,0.1,"model_8",0.618618618618619,0.0153676865242013,0.618,0,1.29678299934848,0.00240522411782576,0.0240522411782576,0.0462652994265844,0.0463046478610614,0.951951951951952,0.179768226703759,0.999,999,1000,10.4978333333333,4.48974104604751,0.453633333333333,20260709,1000
90,1,0.3,14,Inf,0.75,0,0.3,0,"poisson",8,0.2,0.3,0.1,"model_8",0.778,0.0131421459434904,0.778,0,1.13669797888834,-0.000216943081039173,-0.00216943081039173,0.0372401888227508,0.0372221962838169,0.952,0.144317133159464,1,1000,1000,10.5098555555556,4.51616437328016,0.452044444444444,20260709,1000
120,1,0.3,14,Inf,0.75,0,0.3,0,"poisson",8,0.2,0.3,0.1,"model_8",0.869,0.0106695360723885,0.869,0,1.06782632088278,-0.000779575129622595,-0.00779575129622595,0.031875234937186,0.0318688297413198,0.948,0.124562402400711,1,1000,1000,10.5015,4.50176132296922,0.453375,20260709,1000
150,1,0.3,14,Inf,0.75,0,0.3,0,"poisson",8,0.2,0.3,0.1,"model_8",0.928,0.00817410545564467,0.928,0,1.03337386333913,-0.000893130390276581,-0.00893130390276581,0.0289753343200415,0.028974611487529,0.95,0.110682966996436,1,1000,1000,10.5174133333333,4.50987602455918,0.4514,20260709,1000
20,2,0.3,14,Inf,0.75,0,0.3,0,"poisson",8,0.2,0.3,0.1,"model_8",0.475,0.0157916116973538,0.475,0.00210084033613445,1.46566184069493,0.00177884325719271,0.0177884325719271,0.0575273711051826,0.057526109821374,0.951,0.219728785222462,1,1000,1000,20.96205,7.6970761205596,0.0486,20260709,1000
40,2,0.3,14,Inf,0.75,0,0.3,0,"poisson",8,0.2,0.3,0.1,"model_8",0.759,0.0135247550809617,0.759,0,1.15577823233843,0.00118052434108767,0.0118052434108767,0.0376415930392025,0.0376412841800371,0.954,0.14913190374853,1,1000,1000,20.993375,7.73847188642684,0.046475,20260709,1000
60,2,0.3,14,Inf,0.75,0,0.3,0,"poisson",8,0.2,0.3,0.1,"model_8",0.905,0.00927227048785787,0.905,0,1.05573856013307,-8.799820476868e-05,-0.0008799820476868,0.0297404229035825,0.0297256792254356,0.955,0.118664601590785,1,1000,1000,21.0965666666667,7.77140428736629,0.0460333333333333,20260709,1000
90,2,0.3,14,Inf,0.75,0,0.3,0,"poisson",8,0.2,0.3,0.1,"model_8",0.969,0.00548078461536303,0.969,0,1.0223244855242,0.000357431384581816,0.00357431384581816,0.02479734305778,0.0247875184658971,0.947,0.096879308813937,1,1000,1000,20.9947555555556,7.75381907130658,0.0463555555555556,20260709,1000
120,2,0.3,14,Inf,0.75,0,0.3,0,"poisson",8,0.2,0.3,0.1,"model_8",0.998,0.00141279864099595,0.998,0,1.01285345513347,0.00114186526601776,0.0114186526601776,0.0209763324946393,0.0209969134561838,0.947,0.0829755545041286,1,1000,1000,20.9686166666667,7.76745802571036,0.0473666666666667,20260709,1000
150,2,0.3,14,Inf,0.75,0,0.3,0,"poisson",8,0.2,0.3,0.1,"model_8",0.999,0.000999499874937461,0.999,0,1.00474630863346,0.000408143444198761,0.00408143444198761,0.0200093393880245,0.0200034964482074,0.94,0.0738608959940152,1,1000,1000,20.9976,7.78260051897634,0.0462,20260709,1000
20,4,0.3,14,Inf,0.75,0,0.3,0,"poisson",8,0.2,0.3,0.1,"model_8",0.745,0.0137831418769452,0.745,0,1.17011104188299,0.00152321202199029,0.0152321202199029,0.0403102565872052,0.0403188795008509,0.949,0.15118040034574,1,1000,1000,41.88955,13.9877616603131,0.00105,20260709,1000
40,4,0.3,14,Inf,0.75,0,0.3,0,"poisson",8,0.2,0.3,0.1,"model_8",0.962,0.00604615580348373,0.962,0,1.01732799630291,-0.000418886102406951,-0.00418886102406951,0.0258351122615888,0.0258255888240736,0.955,0.101668309811275,1,1000,1000,42.076975,14.1447257854687,0.000724999999999998,20260709,1000
60,4,0.3,14,Inf,0.75,0,0.3,0,"poisson",8,0.2,0.3,0.1,"model_8",0.996,0.00199599599197994,0.996,0,1.0036018785846,0.000138486627849391,0.00138486627849391,0.0209134740929704,0.0209034734861171,0.955,0.0819180664474467,1,1000,1000,41.9670833333333,14.121182634791,0.00085,20260709,1000
90,4,0.3,14,Inf,0.75,0,0.3,0,"poisson",8,0.2,0.3,0.1,"model_8",1,0,1,0,0.998374321684796,-0.00016256783152041,-0.0016256783152041,0.0164398710661122,0.0164324532437968,0.965,0.0665159910456745,1,1000,1000,42.0103888888889,14.1480644607667,0.000722222222222222,20260709,1000
120,4,0.3,14,Inf,0.75,0,0.3,0,"poisson",8,0.2,0.3,0.1,"model_8",1,0,1,0,1.00374476597822,0.000374476597821638,0.00374476597821638,0.0148719220646948,0.014869200535159,0.95,0.0573518771683629,1,1000,1000,41.959875,14.1377383139544,8e-04,20260709,1000
150,4,0.3,14,Inf,0.75,0,0.3,0,"poisson",8,0.2,0.3,0.1,"model_8",1,0,1,0,0.988939462241974,-0.00110605377580264,-0.0110605377580264,0.0131086495070105,0.0131486961391888,0.945,0.0509668047360254,1,1000,1000,42.06274,14.1744201084081,0.000686666666666666,20260709,1000
20,1,0.9,14,Inf,0.75,0,0.3,0,"poisson",8,0.2,0.3,0.1,"model_8",0.216649949849549,0.0130469697377494,0.216,0,2.07027139110815,-0.00267432734920356,-0.0267432734920356,0.0956185817245541,0.0956080267202579,0.955867602808425,0.356061658970808,0.997,997,1000,10.52455,9.64273005508917,0.57855,20260709,1000
40,1,0.9,14,Inf,0.75,0,0.3,0,"poisson",8,0.2,0.3,0.1,"model_8",0.424424424424424,0.0156375466503433,0.424,0,1.49516526315869,-0.00111445059975027,-0.0111445059975027,0.060567000568655,0.0605469365404334,0.945945945945946,0.226891119234922,0.999,999,1000,10.4969,9.7508259602584,0.58115,20260709,1000
60,1,0.9,14,Inf,0.75,0,0.3,0,"poisson",8,0.2,0.3,0.1,"model_8",0.575,0.0156324982008635,0.575,0,1.30279430333365,0.00036324968816788,0.0036324968816788,0.0464356095203351,0.0464138073856204,0.952,0.182009043530906,1,1000,1000,10.46665,9.80833090209428,0.582083333333333,20260709,1000
90,1,0.9,14,Inf,0.75,0,0.3,0,"poisson",8,0.2,0.3,0.1,"model_8",0.782,0.0130566458173606,0.782,0,1.13897973614068,0.00060589376440072,0.0060589376440072,0.0371741702409913,0.0371605183148303,0.948,0.14514949260022,1,1000,1000,10.4863333333333,9.91323237239101,0.5831,20260709,1000
120,1,0.9,14,Inf,0.75,0,0.3,0,"poisson",8,0.2,0.3,0.1,"model_8",0.89,0.00989444288477123,0.89,0,1.07528697614316,0.00122496096951309,0.0122496096951309,0.0307633627696736,0.030772368023707,0.962,0.123717537041275,1,1000,1000,10.532,9.96468468493244,0.578366666666667,20260709,1000
150,1,0.9,14,Inf,0.75,0,0.3,0,"poisson",8,0.2,0.3,0.1,"model_8",0.949,0.00695693898205238,0.949,0,1.04183817201201,0.00111183070865192,0.0111183070865192,0.0283280178227639,0.0283356715942602,0.946,0.110101156155082,1,1000,1000,10.52746,9.96707014244479,0.57844,20260709,1000
20,2,0.9,14,Inf,0.75,0,0.3,0,"poisson",8,0.2,0.3,0.1,"model_8",0.435,0.0156772127624779,0.435,0.00229357798165138,1.46314467983493,-0.00103136937171638,-0.0103136937171638,0.061624852886322,0.0616026670976873,0.954,0.23427311339459,1,1000,1000,21.07585,18.859865871144,0.33325,20260709,1000
40,2,0.9,14,Inf,0.75,0,0.3,0,"poisson",8,0.2,0.3,0.1,"model_8",0.703,0.0144496020706454,0.703,0,1.17107055129691,-0.00186162578984565,-0.0186162578984565,0.0404968025472098,0.0405193370640805,0.954,0.153660797195253,1,1000,1000,20.9475,19.1182597434591,0.3344,20260709,1000
60,2,0.9,14,Inf,0.75,0,0.3,0,"poisson",8,0.2,0.3,0.1,"model_8",0.891,0.00985489725973843,0.891,0,1.06990410194582,0.000729145341539811,0.00729145341539811,0.0317349229246931,0.0317274310436925,0.947,0.121441092433832,1,1000,1000,21.0076166666667,19.1288010258886,0.331316666666667,20260709,1000
90,2,0.9,14,Inf,0.75,0,0.3,0,"poisson",8,0.2,0.3,0.1,"model_8",0.973,0.00512552436341883,0.973,0,1.01870840093845,0.000266156397493791,0.00266156397493791,0.0245340593060678,0.0245232335795169,0.954,0.097590388401531,1,1000,1000,21.1037444444444,19.3596353410074,0.329666666666667,20260709,1000
120,2,0.9,14,Inf,0.75,0,0.3,0,"poisson",8,0.2,0.3,0.1,"model_8",0.993,0.00263647491928143,0.993,0,0.998121097620922,-0.000625139301477964,-0.00625139301477964,0.0217847047632604,0.0217827819023892,0.951,0.0844787496212096,1,1000,1000,20.8523,19.2316342670315,0.335566666666667,20260709,1000
150,2,0.9,14,Inf,0.75,0,0.3,0,"poisson",8,0.2,0.3,0.1,"model_8",0.999,0.000999499874937461,0.999,0,0.998310213096178,-0.000235270203577789,-0.00235270203577789,0.0188417537529426,0.0188338000645311,0.955,0.0744644513124411,1,1000,1000,20.9802133333333,19.2381498284788,0.331773333333333,20260709,1000
20,4,0.9,14,Inf,0.75,0,0.3,0,"poisson",8,0.2,0.3,0.1,"model_8",0.727,0.0140879735945238,0.727,0,1.17845132155624,0.00152360105752314,0.0152360105752314,0.0409679066680823,0.0409757534106504,0.956,0.157165764356655,1,1000,1000,42.29585,36.9267565304013,0.16605,20260709,1000
40,4,0.9,14,Inf,0.75,0,0.3,0,"poisson",8,0.2,0.3,0.1,"model_8",0.944,0.00727076337120113,0.944,0,1.03404317697488,9.95077063293826e-05,0.000995077063293826,0.0273541388017215,0.0273406393937282,0.95,0.105247780081464,1,1000,1000,42.0576,37.775824918434,0.16505,20260709,1000
60,4,0.9,14,Inf,0.75,0,0.3,0,"poisson",8,0.2,0.3,0.1,"model_8",0.992,0.00281709069786544,0.992,0,0.999011113648784,-0.000526053630660342,-0.00526053630660342,0.021561854368008,0.0215574901750118,0.952,0.0832855536753665,1,1000,1000,42.1164,38.017823914971,0.16755,20260709,1000
90,4,0.9,14,Inf,0.75,0,0.3,0,"poisson",8,0.2,0.3,0.1,"model_8",1,0,1,0,0.99799590447244,-0.000200409552755992,-0.00200409552755992,0.0173249884579878,0.0173174834728715,0.95,0.0671537228689445,1,1000,1000,42.1528888888889,38.3023443803114,0.1662,20260709,1000
120,4,0.9,14,Inf,0.75,0,0.3,0,"poisson",8,0.2,0.3,0.1,"model_8",1,0,1,0,0.993912577416897,-0.000608742258310285,-0.00608742258310285,0.0144107340125642,0.0144163848680294,0.95,0.0576167852161493,1,1000,1000,42.226425,38.351997152067,0.1664,20260709,1000
150,4,0.9,14,Inf,0.75,0,0.3,0,"poisson",8,0.2,0.3,0.1,"model_8",1,0,1,0,1.00075911554434,7.59115544340522e-05,0.000759115544340522,0.0132851975771879,0.0132787703027935,0.949,0.0516681894495702,1,1000,1000,42.0013066666667,38.0661463311352,0.167106666666667,20260709,1000
20,1,0.3,21,Inf,0.75,0,0.3,0,"poisson",8,0.2,0.3,0.1,"model_8",0.343,0.0150116954405557,0.343,0,1.64989473873739,-0.00128645706286183,-0.0128645706286183,0.0681872381957488,0.0681652765349456,0.958,0.262541907223179,1,1000,1000,15.75945,6.064146833981,0.1481,20260709,1000
40,1,0.3,21,Inf,0.75,0,0.3,0,"poisson",8,0.2,0.3,0.1,"model_8",0.606,0.0154519901630826,0.606,0,1.2637195202655,-0.00103385862453872,-0.0103385862453872,0.0455895963229692,0.0455785228507236,0.948,0.176572242928853,1,1000,1000,15.6935,6.12955232586654,0.15355,20260709,1000
60,1,0.3,21,Inf,0.75,0,0.3,0,"poisson",8,0.2,0.3,0.1,"model_8",0.812,0.0123554036761249,0.812,0,1.14589535815531,0.00262235215808154,0.0262235215808154,0.0365723397145034,0.0366479907635036,0.943,0.140555164504359,1,1000,1000,15.76905,6.13605359479098,0.148033333333333,20260709,1000
90,1,0.3,21,Inf,0.75,0,0.3,0,"poisson",8,0.2,0.3,0.1,"model_8",0.935,0.0077958322198467,0.935,0,1.03118517494429,-0.000601996912801245,-0.00601996912801245,0.027932659808807,0.027925179512289,0.961,0.113561243392199,1,1000,1000,15.7322666666667,6.15795430247391,0.151966666666667,20260709,1000
120,1,0.3,21,Inf,0.75,0,0.3,0,"poisson",8,0.2,0.3,0.1,"model_8",0.974,0.00503229569878401,0.974,0,1.01937753314838,0.000443882139306934,0.00443882139306934,0.0247494499918369,0.024741054362681,0.949,0.0976354743299225,1,1000,1000,15.757,6.15503215786023,0.15095,20260709,1000
150,1,0.3,21,Inf,0.75,0,0.3,0,"poisson",8,0.2,0.3,0.1,"model_8",0.995,0.00223047080231955,0.995,0,0.996136760331732,-0.000671335666203671,-0.00671335666203671,0.0221734745055134,0.0221725506032058,0.947,0.087237234875862,1,1000,1000,15.75568,6.15961624237836,0.150113333333333,20260709,1000
20,2,0.3,21,Inf,0.75,0,0.3,0,"poisson",8,0.2,0.3,0.1,"model_8",0.63,0.0152676127799994,0.63,0.00158478605388273,1.2764633841149,0.000873409800757702,0.00873409800757702,0.0475679657515736,0.0475521976259478,0.938,0.173146299539189,1,1000,1000,31.55845,10.8402210468955,0.00465,20260709,1000
40,2,0.3,21,Inf,0.75,0,0.3,0,"poisson",8,0.2,0.3,0.1,"model_8",0.899,0.00952885092757778,0.899,0,1.06384866123267,0.000296176038791535,0.00296176038791535,0.0324333724723398,0.0324185046929305,0.944,0.118932451175689,1,1000,1000,31.5226,10.9325061061864,0.004825,20260709,1000
60,2,0.3,21,Inf,0.75,0,0.3,0,"poisson",8,0.2,0.3,0.1,"model_8",0.98,0.00442718872423573,0.98,0,1.01025514081224,-8.64064187312552e-05,-0.000864064187312552,0.0246595105771164,0.0246473291962884,0.956,0.0961103518977409,1,1000,1000,31.4132833333333,10.8721204479366,0.00473333333333333,20260709,1000
90,2,0.3,21,Inf,0.75,0,0.3,0,"poisson",8,0.2,0.3,0.1,"model_8",0.999,0.000999499874937461,0.999,0,0.993262070518762,-0.000736057944504487,-0.00736057944504487,0.0198683146642397,0.0198720144667649,0.952,0.0771328923838774,1,1000,1000,31.5566,10.9571420456479,0.00478888888888889,20260709,1000
120,2,0.3,21,Inf,0.75,0,0.3,0,"poisson",8,0.2,0.3,0.1,"model_8",1,0,1,0,0.991111699937669,-0.000888830006233077,-0.00888830006233077,0.0167346271783051,0.0167498572480499,0.952,0.0666421473014066,1,1000,1000,31.4447333333333,10.9696213157349,0.00516666666666667,20260709,1000
150,2,0.3,21,Inf,0.75,0,0.3,0,"poisson",8,0.2,0.3,0.1,"model_8",1,0,1,0,1.00407202466409,0.000407202466409448,0.00407202466409448,0.0151620925728474,0.0151599794190182,0.956,0.0594999407995279,1,1000,1000,31.5380733333333,11.001310313259,0.00506666666666667,20260709,1000
20,4,0.3,21,Inf,0.75,0,0.3,0,"poisson",8,0.2,0.3,0.1,"model_8",0.877,0.0103860964755773,0.877,0,1.07660993269853,0.000399359613264899,0.00399359613264899,0.0323336021645708,0.032319898749973,0.946,0.122064210745605,1,1000,1000,62.96675,20.1009847962981,4.99999999999995e-05,20260709,1000
40,4,0.3,21,Inf,0.75,0,0.3,0,"poisson",8,0.2,0.3,0.1,"model_8",0.994,0.00244213021765835,0.994,0,0.997767234254199,-0.00058806415562758,-0.0058806415562758,0.0212007171827121,0.0211982725263975,0.943,0.0822417696593384,1,1000,1000,63.036475,20.3059864910111,2.49999999999998e-05,20260709,1000
60,4,0.3,21,Inf,0.75,0,0.3,0,"poisson",8,0.2,0.3,0.1,"model_8",1,0,1,0,1.00394778884259,0.00039477888425947,0.0039477888425947,0.0171819494493154,0.0171778932893242,0.943,0.0663982775531588,1,1000,1000,62.9718666666667,20.382585766825,1.66666666666668e-05,20260709,1000
90,4,0.3,21,Inf,0.75,0,0.3,0,"poisson",8,0.2,0.3,0.1,"model_8",1,0,1,0,0.999486276215955,-5.137237840451e-05,-0.0005137237840451,0.0142265396428592,0.0142195173933892,0.938,0.0536512185830846,1,1000,1000,63.0047444444444,20.4530718312503,2.22222222222223e-05,20260709,1000
120,4,0.3,21,Inf,0.75,0,0.3,0,"poisson",8,0.2,0.3,0.1,"model_8",1,0,1,0,1.00146098298566,0.000146098298566003,0.00146098298566003,0.0116871296680282,0.011682198234505,0.956,0.0463654442345043,1,1000,1000,63.0187833333333,20.4603033654179,4.16666666666666e-05,20260709,1000
150,4,0.3,21,Inf,0.75,0,0.3,0,"poisson",8,0.2,0.3,0.1,"model_8",1,0,1,0,1.01030396306921,0.00103039630692084,0.0103039630692084,0.0106708278447436,0.0107151489431822,0.946,0.0415167653566697,1,1000,1000,63.0578733333333,20.5204000020431,4.66666666666663e-05,20260709,1000
20,1,0.9,21,Inf,0.75,0,0.3,0,"poisson",8,0.2,0.3,0.1,"model_8",0.345,0.0150324648677454,0.345,0.00289017341040462,1.6798579740194,-0.000162444800330702,-0.00162444800330702,0.0736275839955749,0.0735909402862442,0.943,0.274698613843123,1,1000,1000,15.824,14.2486028501512,0.42485,20260709,1000
40,1,0.9,21,Inf,0.75,0,0.3,0,"poisson",8,0.2,0.3,0.1,"model_8",0.591,0.0155473148807117,0.591,0,1.25673362634985,-0.00214438621587897,-0.0214438621587897,0.0466268229917228,0.0466528129261463,0.939,0.178251029468259,1,1000,1000,15.763725,14.4292208598894,0.427175,20260709,1000
60,1,0.9,21,Inf,0.75,0,0.3,0,"poisson",8,0.2,0.3,0.1,"model_8",0.78,0.0130996183150503,0.78,0,1.12919377837127,-0.000274420073746021,-0.00274420073746021,0.0364129689834239,0.0363957925075753,0.955,0.143281324333971,1,1000,1000,15.8398666666667,14.6025080937767,0.424166666666667,20260709,1000
90,1,0.9,21,Inf,0.75,0,0.3,0,"poisson",8,0.2,0.3,0.1,"model_8",0.916,0.00877177291087725,0.916,0,1.0553564917593,0.000617918202814191,0.00617918202814191,0.0304279690803048,0.0304190279916206,0.95,0.11433200879926,1,1000,1000,15.7910888888889,14.6750753029352,0.427922222222222,20260709,1000
120,1,0.9,21,Inf,0.75,0,0.3,0,"poisson",8,0.2,0.3,0.1,"model_8",0.96,0.00619677335393187,0.96,0,1.00882754028007,-0.00145846408380615,-0.0145846408380615,0.0260890219919753,0.0261167292920271,0.94,0.0982098963796367,1,1000,1000,15.7849833333333,14.6268580035043,0.425025,20260709,1000
150,1,0.9,21,Inf,0.75,0,0.3,0,"poisson",8,0.2,0.3,0.1,"model_8",0.99,0.00314642654451046,0.99,0,1.01221205723635,0.000554154212266955,0.00554154212266955,0.0215792245117496,0.0215755499232103,0.953,0.0877389184446529,1,1000,1000,15.7379733333333,14.6544300355999,0.429013333333333,20260709,1000
20,2,0.9,21,Inf,0.75,0,0.3,0,"poisson",8,0.2,0.3,0.1,"model_8",0.603,0.0154722655096143,0.603,0,1.28915275426901,0.00118739461659642,0.0118739461659642,0.0496464942292377,0.0496358692967092,0.953,0.185707761474166,1,1000,1000,31.80055,28.2497164412233,0.2224,20260709,1000
40,2,0.9,21,Inf,0.75,0,0.3,0,"poisson",8,0.2,0.3,0.1,"model_8",0.893,0.00977501918156686,0.893,0,1.06593153068426,0.000587824988527372,0.00587824988527372,0.0309721010162452,0.030962191597758,0.965,0.121894748310573,1,1000,1000,31.39055,28.1194150925906,0.225075,20260709,1000
60,2,0.9,21,Inf,0.75,0,0.3,0,"poisson",8,0.2,0.3,0.1,"model_8",0.965,0.00581162627841812,0.965,0,1.00611452075723,-0.00134766499370448,-0.0134766499370448,0.0248106579712242,0.0248348420802582,0.959,0.0983250308138666,1,1000,1000,31.2901,28.3629456473805,0.225666666666667,20260709,1000
90,2,0.9,21,Inf,0.75,0,0.3,0,"poisson",8,0.2,0.3,0.1,"model_8",0.998,0.00141279864099595,0.998,0,0.995415572900036,-0.000584976788824923,-0.00584976788824923,0.0198340248266826,0.0198327343079087,0.955,0.0784964991292844,1,1000,1000,31.4913666666667,28.7632105185537,0.225977777777778,20260709,1000
120,2,0.9,21,Inf,0.75,0,0.3,0,"poisson",8,0.2,0.3,0.1,"model_8",1,0,1,0,0.995949818053053,-0.00040501819469467,-0.0040501819469467,0.0171515309856712,0.0171477368732822,0.953,0.0674160942035126,1,1000,1000,31.3860416666667,28.5954104610228,0.225916666666667,20260709,1000
150,2,0.9,21,Inf,0.75,0,0.3,0,"poisson",8,0.2,0.3,0.1,"model_8",1,0,1,0,1.00047117812941,4.71178129405336e-05,0.000471178129405336,0.0154872977320986,0.0154796238565386,0.956,0.0601763959953491,1,1000,1000,31.4888133333333,28.8102615676992,0.2255,20260709,1000
20,4,0.9,21,Inf,0.75,0,0.3,0,"poisson",8,0.2,0.3,0.1,"model_8",0.823,0.0120694241784768,0.823,0,1.09251418594731,-0.00106717217309044,-0.0106717217309044,0.0355696338243801,0.0355678577931973,0.939,0.130553728897256,1,1000,1000,62.4207,54.4289514035558,0.1056,20260709,1000
40,4,0.9,21,Inf,0.75,0,0.3,0,"poisson",8,0.2,0.3,0.1,"model_8",0.987,0.00358203852575597,0.987,0,1.00766015303502,3.39701508309254e-05,0.000339701508309254,0.0213549129344789,0.0213442598396825,0.949,0.084613210594244,1,1000,1000,63.275575,56.3431181241502,0.1094,20260709,1000
60,4,0.9,21,Inf,0.75,0,0.3,0,"poisson",8,0.2,0.3,0.1,"model_8",0.999,0.000999499874937461,0.999,0,0.999894315806595,-8.46793648680289e-05,-0.000846793648680289,0.0168184048689701,0.0168102068455178,0.95,0.0674419570812223,1,1000,1000,62.62885,55.9146845609199,0.106266666666667,20260709,1000
90,4,0.9,21,Inf,0.75,0,0.3,0,"poisson",8,0.2,0.3,0.1,"model_8",1,0,1,0,1.00881021366836,0.000881021366835821,0.00881021366835821,0.0138390490534186,0.0138601572167506,0.952,0.0544345412696799,1,1000,1000,62.8991777777778,56.673170649922,0.107666666666667,20260709,1000
120,4,0.9,21,Inf,0.75,0,0.3,0,"poisson",8,0.2,0.3,0.1,"model_8",1,0,1,0,1.00291409563222,0.000291409563221628,0.00291409563221628,0.0120642438024056,0.012061730890668,0.948,0.0469507912322478,1,1000,1000,62.636725,56.8077401156777,0.108533333333333,20260709,1000
150,4,0.9,21,Inf,0.75,0,0.3,0,"poisson",8,0.2,0.3,0.1,"model_8",1,0,1,0,1.00372838927441,0.000372838927441055,0.00372838927441055,0.0108859808853906,0.010886922619504,0.943,0.0416202015304205,1,1000,1000,63.2153866666667,57.1052721739248,0.106506666666667,20260709,1000
20,1,0.3,28,Inf,0.75,0,0.3,0,"poisson",8,0.2,0.3,0.1,"model_8",0.44,0.0156971334962789,0.44,0,1.42881880113963,-0.00227981558319154,-0.0227981558319154,0.0553858397562774,0.0554050648709654,0.957,0.219192696435301,1,1000,1000,21.1325,7.68367899493962,0.04315,20260709,1000
40,1,0.3,28,Inf,0.75,0,0.3,0,"poisson",8,0.2,0.3,0.1,"model_8",0.758,0.0135438546950268,0.758,0,1.1608957896984,0.000697268959997832,0.00697268959997832,0.0383521740563836,0.0383393342352064,0.939,0.148185459432914,1,1000,1000,21.055675,7.76078677838796,0.046075,20260709,1000
60,1,0.3,28,Inf,0.75,0,0.3,0,"poisson",8,0.2,0.3,0.1,"model_8",0.908,0.00913980306133562,0.908,0,1.05518669808384,4.80822644827877e-05,0.000480822644827877,0.0309084504600937,0.0308930297872899,0.951,0.119633937127978,1,1000,1000,20.9637666666667,7.76464966829818,0.04735,20260709,1000
90,1,0.3,28,Inf,0.75,0,0.3,0,"poisson",8,0.2,0.3,0.1,"model_8",0.979,0.00453420334788814,0.979,0,1.01092492641389,-0.000180833655874318,-0.00180833655874318,0.0246788940308068,0.024667214345854,0.954,0.0971311553490576,1,1000,1000,20.9487666666667,7.74932651195168,0.0461888888888889,20260709,1000
120,1,0.3,28,Inf,0.75,0,0.3,0,"poisson",8,0.2,0.3,0.1,"model_8",0.995,0.00223047080231955,0.995,0,1.00446785781141,0.000120444105599651,0.00120444105599651,0.0214208664632961,0.0214104921312168,0.95,0.0834244715430999,1,1000,1000,20.99225,7.77780791249486,0.0471833333333333,20260709,1000
150,1,0.3,28,Inf,0.75,0,0.3,0,"poisson",8,0.2,0.3,0.1,"model_8",0.999,0.000999499874937461,0.999,0,1.0079384763208,0.000730013159596699,0.00730013159596699,0.0195579184998938,0.019561763291831,0.934,0.0741258630205013,1,1000,1000,20.9774266666667,7.77609660899618,0.04674,20260709,1000
20,2,0.3,28,Inf,0.75,0,0.3,0,"poisson",8,0.2,0.3,0.1,"model_8",0.741,0.0138534833164804,0.741,0,1.1600058524562,-0.000514801641632423,-0.00514801641632423,0.0402413341423973,0.0402245028473534,0.945,0.148781618931223,1,1000,1000,42.1603,14.0739112969184,0.000949999999999996,20260709,1000
40,2,0.3,28,Inf,0.75,0,0.3,0,"poisson",8,0.2,0.3,0.1,"model_8",0.96,0.00619677335393187,0.96,0,1.02078376810969,-0.000259204967814869,-0.00259204967814869,0.0264716005789717,0.0264596311159234,0.95,0.101934268362219,1,1000,1000,41.98955,14.0366900503728,0.000875000000000005,20260709,1000
60,2,0.3,28,Inf,0.75,0,0.3,0,"poisson",8,0.2,0.3,0.1,"model_8",0.994,0.00244213021765835,0.994,0,1.00716046546927,0.000357332473489708,0.00357332473489708,0.0212007390992401,0.0211931487399184,0.955,0.0820464381615675,1,1000,1000,41.9660333333333,14.014220111145,7e-04,20260709,1000
90,2,0.3,28,Inf,0.75,0,0.3,0,"poisson",8,0.2,0.3,0.1,"model_8",1,0,1,0,0.99896771669216,-0.00010322833078405,-0.0010322833078405,0.0170094594282789,0.0170012659652303,0.955,0.066336404400307,1,1000,1000,41.9396666666667,14.1001168013485,0.000922222222222222,20260709,1000
120,2,0.3,28,Inf,0.75,0,0.3,0,"poisson",8,0.2,0.3,0.1,"model_8",1,0,1,0,1.00583629298373,0.000583629298373051,0.00583629298373051,0.0144633759686303,0.0144679189354745,0.953,0.0572764288117732,1,1000,1000,41.99945,14.1689655319781,8e-04,20260709,1000
150,2,0.3,28,Inf,0.75,0,0.3,0,"poisson",8,0.2,0.3,0.1,"model_8",1,0,1,0,1.00487941038592,0.000487941038591705,0.00487941038591705,0.0131926063450485,0.0131950332993282,0.946,0.0513005160655565,1,1000,1000,42.0089266666667,14.080982033733,0.000653333333333334,20260709,1000
20,4,0.3,28,Inf,0.75,0,0.3,0,"poisson",8,0.2,0.3,0.1,"model_8",0.94,0.00750999334220744,0.94,0,1.03831088844825,0.00031694011546668,0.0031694011546668,0.0274660315316151,0.0274541245761792,0.95,0.104767184774328,1,1000,1000,83.79955,26.4730563391085,0,20260709,1000
40,4,0.3,28,Inf,0.75,0,0.3,0,"poisson",8,0.2,0.3,0.1,"model_8",0.997,0.00172945077987204,0.997,0,0.997406305042186,-0.000447013180632796,-0.00447013180632796,0.0185395671956903,0.0185356860416703,0.937,0.0708133529295788,1,1000,1000,83.970825,26.7019840761122,0,20260709,1000
60,4,0.3,28,Inf,0.75,0,0.3,0,"poisson",8,0.2,0.3,0.1,"model_8",1,0,1,0,0.99573543147429,-0.000426456852570964,-0.00426456852570964,0.0147611375475225,0.0147599172071623,0.955,0.0574072199220915,1,1000,1000,83.9302166666667,26.7225361582718,0,20260709,1000
90,4,0.3,28,Inf,0.75,0,0.3,0,"poisson",8,0.2,0.3,0.1,"model_8",1,0,1,0,1.00151963875773,0.000151963875773362,0.00151963875773362,0.0125338209999053,0.0125284741771833,0.942,0.0462886063059007,1,1000,1000,83.9916888888889,26.7201606509143,0,20260709,1000
120,4,0.3,28,Inf,0.75,0,0.3,0,"poisson",8,0.2,0.3,0.1,"model_8",1,0,1,0,0.998504640276248,-0.0001495359723752,-0.001495359723752,0.0101497528453289,0.0101457787451469,0.948,0.0399546283961272,1,1000,1000,84.0044916666667,26.6877355312953,0,20260709,1000
150,4,0.3,28,Inf,0.75,0,0.3,0,"poisson",8,0.2,0.3,0.1,"model_8",1,0,1,0,0.997737128111585,-0.000226287188841462,-0.00226287188841462,0.00922577538740644,0.00922393747047373,0.946,0.0357183958443573,1,1000,1000,84.0578733333333,26.7554400102465,0,20260709,1000
20,1,0.9,28,Inf,0.75,0,0.3,0,"poisson",8,0.2,0.3,0.1,"model_8",0.436,0.0156813264745046,0.436,0.0045662100456621,1.45021597033567,-0.00166379695214394,-0.0166379695214394,0.060763146335712,0.0607555430636621,0.963,0.231741635343799,1,1000,1000,21.10555,18.6273913270021,0.326,20260709,1000
40,1,0.9,28,Inf,0.75,0,0.3,0,"poisson",8,0.2,0.3,0.1,"model_8",0.738,0.0139052508067996,0.738,0,1.16988111197198,0.000502077291909375,0.00502077291909375,0.0393312158599568,0.0393147514056562,0.951,0.150757152561392,1,1000,1000,21.0532,19.1097632007828,0.33305,20260709,1000
60,1,0.9,28,Inf,0.75,0,0.3,0,"poisson",8,0.2,0.3,0.1,"model_8",0.884,0.0101264011376204,0.884,0,1.07504909200844,0.000809533193233694,0.00809533193233694,0.0317394078888713,0.0317338615222598,0.949,0.121800350422794,1,1000,1000,21.1205666666667,19.3350511569262,0.33205,20260709,1000
90,1,0.9,28,Inf,0.75,0,0.3,0,"poisson",8,0.2,0.3,0.1,"model_8",0.969,0.00548078461536303,0.969,0,1.02380387645164,0.000503745775078973,0.00503745775078973,0.0258725639901438,0.0258645304937587,0.942,0.0979281401258705,1,1000,1000,21.0465444444444,19.2627325053815,0.333911111111111,20260709,1000
120,1,0.9,28,Inf,0.75,0,0.3,0,"poisson",8,0.2,0.3,0.1,"model_8",0.996,0.00199599599197994,0.996,0,1.00814937182442,0.000573493663708985,0.00573493663708985,0.0217140171418447,0.0217107332183462,0.938,0.083361605069499,1,1000,1000,21.0918666666667,19.3358103899741,0.33195,20260709,1000
150,1,0.9,28,Inf,0.75,0,0.3,0,"poisson",8,0.2,0.3,0.1,"model_8",0.999,0.000999499874937461,0.999,0,1.01072005457807,0.00100054107037283,0.0100054107037283,0.0189363598867377,0.0189533169252189,0.947,0.074945889203118,1,1000,1000,20.9655866666667,19.2633608384278,0.333293333333333,20260709,1000
20,2,0.9,28,Inf,0.75,0,0.3,0,"poisson",8,0.2,0.3,0.1,"model_8",0.717,0.0142446832186609,0.717,0,1.19997941866368,0.00108879389578032,0.0108879389578032,0.0436305149542007,0.0436222842762853,0.948,0.158700384020834,1,1000,1000,41.98405,37.0636347166238,0.1685,20260709,1000
40,2,0.9,28,Inf,0.75,0,0.3,0,"poisson",8,0.2,0.3,0.1,"model_8",0.946,0.00714730718522718,0.946,0,1.03263046527487,0.000238824849520133,0.00238824849520133,0.0266180194060106,0.0266057789859723,0.959,0.10491633090992,1,1000,1000,41.939375,37.8066505786516,0.166625,20260709,1000
60,2,0.9,28,Inf,0.75,0,0.3,0,"poisson",8,0.2,0.3,0.1,"model_8",0.992,0.00281709069786544,0.992,0,1.00675826085203,0.000174422063978372,0.00174422063978372,0.0215353935387628,0.0215253298406997,0.949,0.0839879776566966,1,1000,1000,41.98875,37.7767000636319,0.167433333333333,20260709,1000
90,2,0.9,28,Inf,0.75,0,0.3,0,"poisson",8,0.2,0.3,0.1,"model_8",0.998,0.00141279864099595,0.998,0,1.00503584290433,0.00036720194650941,0.0036720194650941,0.0183523277716411,0.0183468243566191,0.928,0.0673058602407358,1,1000,1000,41.8396444444444,37.7732211107343,0.1668,20260709,1000
120,2,0.9,28,Inf,0.75,0,0.3,0,"poisson",8,0.2,0.3,0.1,"model_8",1,0,1,0,0.9969464464096,-0.000305355359039999,-0.00305355359039999,0.0149930046239924,0.014988616992995,0.954,0.0578754959460043,1,1000,1000,41.9609333333333,38.2969130245036,0.168191666666667,20260709,1000
150,2,0.9,28,Inf,0.75,0,0.3,0,"poisson",8,0.2,0.3,0.1,"model_8",1,0,1,0,0.998147853531627,-0.000185214646837295,-0.00185214646837295,0.012849883520534,0.0128447923864188,0.955,0.0511764544349674,1,1000,1000,42.1037066666667,38.3125046280425,0.167086666666667,20260709,1000
20,4,0.9,28,Inf,0.75,0,0.3,0,"poisson",8,0.2,0.3,0.1,"model_8",0.925,0.00832916562447884,0.925,0,1.02877662031507,-0.00115054626331897,-0.0115054626331897,0.0285067723062302,0.0285157357954511,0.949,0.109229020276297,1,1000,1000,84.30555,74.1435643392807,0.07915,20260709,1000
40,4,0.9,28,Inf,0.75,0,0.3,0,"poisson",8,0.2,0.3,0.1,"model_8",0.996,0.00199599599197994,0.996,0,0.991032397418099,-0.00120773332018137,-0.0120773332018137,0.0197398799173637,0.0197669374478057,0.951,0.0734287782180591,1,1000,1000,84.2837,74.6464308353207,0.078425,20260709,1000
60,4,0.9,28,Inf,0.75,0,0.3,0,"poisson",8,0.2,0.3,0.1,"model_8",1,0,1,0,1.00101551298662,0.000101551298662295,0.00101551298662295,0.014403883586113,0.0143970379997482,0.954,0.0578021214774696,1,1000,1000,84.5177166666667,76.1689424692529,0.0775666666666667,20260709,1000
90,4,0.9,28,Inf,0.75,0,0.3,0,"poisson",8,0.2,0.3,0.1,"model_8",1,0,1,0,1.00149967588661,0.000149967588661273,0.00149967588661273,0.0122489446376661,0.0122437371079879,0.939,0.0467084799122471,1,1000,1000,84.0727333333333,75.8858402758428,0.0781555555555556,20260709,1000
120,4,0.9,28,Inf,0.75,0,0.3,0,"poisson",8,0.2,0.3,0.1,"model_8",1,0,1,0,1.00621345878931,0.000621345878931173,0.00621345878931173,0.0100045640365469,0.0100188462889232,0.956,0.0403003829567514,1,1000,1000,83.9080416666667,75.6248944449727,0.077975,20260709,1000
150,4,0.9,28,Inf,0.75,0,0.3,0,"poisson",8,0.2,0.3,0.1,"model_8",1,0,1,0,0.993907445377924,-0.000609255462207595,-0.00609255462207595,0.0090613161525994,0.00907725372484272,0.944,0.0359598713421041,1,1000,1000,83.9417866666667,75.691050738104,0.07766,20260709,1000
