"N","lambda_bar","cv","D","cap","compliance","decay","phi","beta1","trigger_link","grid","power","mcse_power","power_all","type_s","type_m","bias","rel_bias","emp_se","rmse","coverage","ci_width","conv_rate","R_converged","R_total","mean_n","sd_n","below_k","master_seed","R_requested"
40,1,0.3,14,5,0.75,0,0.3,0.2,0,"S1_cap",0.73155737704918,0.0141848590606966,0.714,0,1.15996588074867,-0.00155892585044473,-0.00779462925222366,0.077693790600151,0.0776696246180304,0.935450819672131,0.297615013855875,0.976,976,1000,10.4984,4.46408784844747,0.4491,20260709,1000
90,1,0.3,14,5,0.75,0,0.3,0.2,0,"S1_cap",0.978,0.00463853425124791,0.978,0,1.01269993676636,-9.92197865326838e-05,-0.000496098932663419,0.0512365754592515,0.0512110468814378,0.948,0.19933072599069,1,1000,1000,10.4600222222222,4.47038021526203,0.453933333333333,20260709,1000
150,1,0.3,14,5,0.75,0,0.3,0.2,0,"S1_cap",0.999,0.000999499874937461,0.999,0,1.00853157700847,0.00158009782986923,0.00790048914934616,0.0400802255776964,0.0400913303225102,0.937,0.154174521742382,1,1000,1000,10.4923666666667,4.48601331967018,0.4525,20260709,1000
40,2,0.3,14,5,0.75,0,0.3,0.2,0,"S1_cap",0.911911911911912,0.00896710576556808,0.911,0,1.06009424847722,0.0020610834902231,0.0103054174511155,0.060124048565958,0.0601292837258158,0.94994994994995,0.240812675213676,0.999,999,1000,20.564475,7.15735719650731,0.0463,20260709,1000
90,2,0.3,14,5,0.75,0,0.3,0.2,0,"S1_cap",0.998,0.00141279864099595,0.998,0,1.00437741176255,0.000637806795003693,0.00318903397501846,0.0408172765592335,0.0408018481585698,0.937,0.160663446379631,1,1000,1000,20.6156,7.20490553012844,0.0463555555555556,20260709,1000
150,2,0.3,14,5,0.75,0,0.3,0.2,0,"S1_cap",1,0,1,0,0.992135940937455,-0.00157281181250896,-0.00786405906254478,0.0317403698866234,0.0317634596109539,0.952,0.125136660664458,1,1000,1000,20.5974866666667,7.22810256988375,0.0463733333333333,20260709,1000
40,4,0.3,14,5,0.75,0,0.3,0.2,0,"S1_cap",0.936,0.0077397674383666,0.936,0,1.04536683458203,0.00145452967991447,0.00727264839957234,0.0584913098429065,0.058480148344558,0.933,0.216337766635179,1,1000,1000,36.319325,8.78015526047978,0.00075,20260709,1000
90,4,0.3,14,5,0.75,0,0.3,0.2,0,"S1_cap",0.999,0.000999499874937461,0.999,0,0.996044107670842,-0.000925075657767394,-0.00462537828883697,0.0370525338747391,0.0370455549458332,0.938,0.143889300596655,1,1000,1000,36.3493333333333,8.80765310002937,0.000777777777777777,20260709,1000
150,4,0.3,14,5,0.75,0,0.3,0.2,0,"S1_cap",1,0,1,0,1.00335120410661,0.000670240821322554,0.00335120410661277,0.0298954290919868,0.0298879936876329,0.943,0.111393218012247,1,1000,1000,36.3204133333333,8.82734133435212,0.000886666666666667,20260709,1000
40,1,0.9,14,5,0.75,0,0.3,0.2,0,"S1_cap",0.674636174636175,0.0151053888343961,0.649,0,1.23123801991833,0.00228643110799534,0.0114321555399767,0.0864284221410476,0.0864137430107847,0.932432432432432,0.325744638326438,0.962,962,1000,10.2899,9.14921940362865,0.57815,20260709,1000
90,1,0.9,14,5,0.75,0,0.3,0.2,0,"S1_cap",0.941941941941942,0.00739878787468595,0.941,0,1.04499841709925,0.00192028449664114,0.0096014224832057,0.0581105264348497,0.0581131702937241,0.922922922922923,0.216946671318923,0.999,999,1000,10.2433666666667,9.17237136123429,0.582433333333333,20260709,1000
150,1,0.9,14,5,0.75,0,0.3,0.2,0,"S1_cap",0.999,0.000999499874937461,0.999,0,1.00374172086941,0.000644188303900006,0.00322094151950003,0.0430293799584601,0.0430126840669214,0.941,0.169175491580159,1,1000,1000,10.2574466666667,9.20113008671852,0.581073333333333,20260709,1000
40,2,0.9,14,5,0.75,0,0.3,0.2,0,"S1_cap",0.808425275827482,0.0124635415848487,0.806,0,1.11740986801782,-0.000621683250255328,-0.00310841625127664,0.0735000586743611,0.0734658192701241,0.915747241725176,0.267063660293744,0.997,997,1000,18.716875,14.1340024437299,0.3337,20260709,1000
90,2,0.9,14,5,0.75,0,0.3,0.2,0,"S1_cap",0.993,0.00263647491928143,0.993,0,1.01045710558406,0.00123822957099723,0.00619114785498615,0.0462036676986509,0.0461971572974901,0.944,0.177979239977292,1,1000,1000,18.7082333333333,14.1259729515369,0.332677777777778,20260709,1000
150,2,0.9,14,5,0.75,0,0.3,0.2,0,"S1_cap",1,0,1,0,0.999940729400411,-1.1854119917859e-05,-5.9270599589295e-05,0.0363581572826211,0.0363399755903466,0.943,0.138358950104373,1,1000,1000,18.6884666666667,14.1579669035753,0.334173333333333,20260709,1000
40,4,0.9,14,5,0.75,0,0.3,0.2,0,"S1_cap",0.906,0.00922843432007835,0.906,0,1.0480015516307,-0.00151574640104701,-0.00757873200523507,0.0603953550737299,0.0603841767578206,0.949,0.236702733737235,1,1000,1000,29.4317,17.041389161743,0.169225,20260709,1000
90,4,0.9,14,5,0.75,0,0.3,0.2,0,"S1_cap",0.998,0.00141279864099595,0.998,0,0.99654634775007,-0.000934443516766054,-0.00467221758383027,0.04127898935741,0.0412689252597257,0.941,0.157974961750487,1,1000,1000,29.4074333333333,17.0482379767142,0.168955555555556,20260709,1000
150,4,0.9,14,5,0.75,0,0.3,0.2,0,"S1_cap",1,0,1,0,1.00598335855892,0.00119667171178486,0.00598335855892432,0.0310088411217178,0.0310164263362176,0.948,0.122087860158422,1,1000,1000,29.4584466666667,17.0315832651837,0.167353333333333,20260709,1000
40,1,0.3,28,5,0.75,0,0.3,0.2,0,"S1_cap",0.894,0.00973468027209934,0.894,0,1.05112535573598,-0.0017767496342318,-0.008883748171159,0.0610758767328811,0.061071182199415,0.952,0.24151566692502,1,1000,1000,20.960525,7.72963472679089,0.0468,20260709,1000
90,1,0.3,28,5,0.75,0,0.3,0.2,0,"S1_cap",0.999,0.000999499874937461,0.999,0,1.00237628645427,0.0003281440870323,0.0016407204351615,0.0398509488103011,0.0398323700211525,0.952,0.160324012230257,1,1000,1000,20.9447666666667,7.69937640485053,0.0459222222222222,20260709,1000
150,1,0.3,28,5,0.75,0,0.3,0.2,0,"S1_cap",1,0,1,0,0.997162119946166,-0.000567576010766707,-0.00283788005383354,0.0319435288266671,0.0319325975672855,0.948,0.124890026938486,1,1000,1000,20.96832,7.73892201242139,0.04622,20260709,1000
40,2,0.3,28,5,0.75,0,0.3,0.2,0,"S1_cap",0.946,0.00714730718522718,0.946,0,1.03086732639815,-0.000349442653671372,-0.00174721326835686,0.0568841785009885,0.0568568031473525,0.931,0.212690178551797,1,1000,1000,41.016375,12.9538269714225,0.000775000000000001,20260709,1000
90,2,0.3,28,5,0.75,0,0.3,0.2,0,"S1_cap",1,0,1,0,0.996824281582205,-0.000635143683558992,-0.00317571841779496,0.0359743212095689,0.0359619387992571,0.953,0.141971195726753,1,1000,1000,41.1335666666667,13.0214592228377,0.000866666666666666,20260709,1000
150,2,0.3,28,5,0.75,0,0.3,0.2,0,"S1_cap",1,0,1,0,1.00090824432472,0.000181648864944872,0.000908244324724361,0.0275251504462296,0.0275119841067601,0.958,0.110335650206619,1,1000,1000,41.0794466666667,13.0104760808018,0.000633333333333334,20260709,1000
40,4,0.3,28,5,0.75,0,0.3,0.2,0,"S1_cap",0.974,0.00503229569878401,0.974,0,1.01203611708498,-0.000589580659644956,-0.00294790329822478,0.0521664442948496,0.0521436878041006,0.936,0.200527247617701,1,1000,1000,72.56245,16.1429291902055,0,20260709,1000
90,4,0.3,28,5,0.75,0,0.3,0.2,0,"S1_cap",1,0,1,0,1.00412015640726,0.000824031281451754,0.00412015640725877,0.0344841422154036,0.0344767448553465,0.949,0.133803695482354,1,1000,1000,72.6621111111111,16.2298450784646,0,20260709,1000
150,4,0.3,28,5,0.75,0,0.3,0.2,0,"S1_cap",1,0,1,0,0.994967505125077,-0.00100649897498453,-0.00503249487492266,0.026725312735982,0.026730902317016,0.943,0.103663308111915,1,1000,1000,72.69768,16.299719631343,6.66666666666668e-06,20260709,1000
40,1,0.9,28,5,0.75,0,0.3,0.2,0,"S1_cap",0.815,0.0122790471943062,0.815,0,1.09718406832242,-0.00190887278086213,-0.00954436390431065,0.0685929085208992,0.0685851726508769,0.936,0.264548421076972,1,1000,1000,20.56105,17.7323503081358,0.3349,20260709,1000
90,1,0.9,28,5,0.75,0,0.3,0.2,0,"S1_cap",0.99,0.00314642654451046,0.99,0,1.00693445017943,0.000259328813353193,0.00129664406676597,0.0450733704322718,0.0450515744989685,0.941,0.176247575472942,1,1000,1000,20.6485444444444,17.9680170325478,0.331022222222222,20260709,1000
150,1,0.9,28,5,0.75,0,0.3,0.2,0,"S1_cap",1,0,1,0,1.00347688211403,0.000695376422806065,0.00347688211403033,0.0337722278871419,0.033762499336601,0.947,0.137863928020505,1,1000,1000,20.5719066666667,17.9603912881175,0.33256,20260709,1000
40,2,0.9,28,5,0.75,0,0.3,0.2,0,"S1_cap",0.914,0.00886588969026797,0.914,0,1.05093158146774,4.24649465684268e-05,0.000212324732842134,0.0608432978021166,0.0608128833703953,0.938,0.231828453974183,1,1000,1000,37.573275,27.7338994192375,0.163575,20260709,1000
90,2,0.9,28,5,0.75,0,0.3,0.2,0,"S1_cap",0.999,0.000999499874937461,0.999,0,0.999366508840983,-0.00027990837513564,-0.0013995418756782,0.0386949726482721,0.0386766332045687,0.951,0.154995789320615,1,1000,1000,37.5771,27.816195743858,0.165388888888889,20260709,1000
150,2,0.9,28,5,0.75,0,0.3,0.2,0,"S1_cap",1,0,1,0,1.0073251931822,0.00146503863643971,0.00732519318219854,0.03088584686932,0.030905144223972,0.945,0.120021068582411,1,1000,1000,37.49002,27.7559739484043,0.165513333333333,20260709,1000
40,4,0.9,28,5,0.75,0,0.3,0.2,0,"S1_cap",0.953,0.00669260786241059,0.953,0,1.02552664972767,-0.000374519356318936,-0.00187259678159468,0.0569774864864358,0.0569502220987234,0.924,0.214901429462003,1,1000,1000,58.67535,33.5321303641933,0.079925,20260709,1000
90,4,0.9,28,5,0.75,0,0.3,0.2,0,"S1_cap",1,0,1,0,1.00572375664114,0.00114475132822742,0.00572375664113708,0.0363174313675343,0.0363173143406545,0.948,0.142613870302765,1,1000,1000,58.8353222222222,33.5614541422941,0.0784666666666667,20260709,1000
150,4,0.9,28,5,0.75,0,0.3,0.2,0,"S1_cap",1,0,1,0,0.997187453478703,-0.000562509304259329,-0.00281254652129664,0.0286223820485897,0.0286135969444366,0.94,0.110777782447746,1,1000,1000,58.84486,33.6349622942959,0.0788933333333333,20260709,1000
40,1,0.3,14,3,0.75,0,0.3,0.2,0,"S1_cap",0.738860103626943,0.0141401515882314,0.713,0,1.15802470588759,-0.000789181322562726,-0.00394590661281363,0.075295621254524,0.0752607356439508,0.939896373056995,0.2989603308562,0.965,965,1000,10.16525,4.10917949739192,0.466425,20260709,1000
90,1,0.3,14,3,0.75,0,0.3,0.2,0,"S1_cap",0.971,0.00530650544143696,0.971,0,1.0184003067831,0.00038063095718624,0.0019031547859312,0.0507697595170116,0.0507457958146224,0.956,0.201250081807117,1,1000,1000,10.1635555555556,4.11026199258853,0.4684,20260709,1000
150,1,0.3,14,3,0.75,0,0.3,0.2,0,"S1_cap",0.999,0.000999499874937461,0.999,0,1.00032594413656,-6.71887391994475e-05,-0.000335943695997237,0.0408769053825163,0.0408565170637955,0.936,0.155371961071363,1,1000,1000,10.1689,4.1383207749748,0.46824,20260709,1000
40,2,0.3,14,3,0.75,0,0.3,0.2,0,"S1_cap",0.893,0.00977501918156686,0.893,0,1.05920405921149,-0.000419552933718315,-0.00209776466859157,0.0604402028754374,0.060411432114829,0.951,0.248329672594582,1,1000,1000,18.187075,5.35478164817009,0.053525,20260709,1000
90,2,0.3,14,3,0.75,0,0.3,0.2,0,"S1_cap",0.998,0.00141279864099595,0.998,0,1.00805377861439,0.00135032035424107,0.00675160177120535,0.04310875765546,0.0431083517043932,0.943,0.164741542160882,1,1000,1000,18.2731777777778,5.35324865205627,0.0504,20260709,1000
150,2,0.3,14,3,0.75,0,0.3,0.2,0,"S1_cap",1,0,1,0,1.00658272937113,0.00131654587422592,0.00658272937112958,0.0327176570180438,0.0327277852704478,0.945,0.128440786699553,1,1000,1000,18.2124866666667,5.3702531594079,0.05276,20260709,1000
40,4,0.3,14,3,0.75,0,0.3,0.2,0,"S1_cap",0.928,0.00817410545564467,0.928,0,1.04162183705359,-0.000176796657288925,-0.000883983286444623,0.0600522470783433,0.0600224738230379,0.925,0.225301417461026,1,1000,1000,26.866325,4.58950405081057,0.000849999999999999,20260709,1000
90,4,0.3,14,3,0.75,0,0.3,0.2,0,"S1_cap",1,0,1,0,0.992439637526318,-0.00151207249473645,-0.00756036247368225,0.0375889899732091,0.0376006063550596,0.947,0.150419399487202,1,1000,1000,26.8385222222222,4.63524335938038,0.00104444444444444,20260709,1000
150,4,0.3,14,3,0.75,0,0.3,0.2,0,"S1_cap",1,0,1,0,1.00270465196138,0.00054093039227629,0.00270465196138145,0.0306958999508629,0.0306853163778521,0.942,0.116869045106106,1,1000,1000,26.81906,4.63693977296539,0.000979999999999999,20260709,1000
40,1,0.9,14,3,0.75,0,0.3,0.2,0,"S1_cap",0.665959703075292,0.0153591633629615,0.628,0,1.23128335337077,0.00187643618825453,0.00938218094127266,0.0856900483033542,0.0856651549299811,0.940615058324496,0.331628237959171,0.943,943,1000,9.371725,7.50277510938126,0.590975,20260709,1000
90,1,0.9,14,3,0.75,0,0.3,0.2,0,"S1_cap",0.935935935935936,0.00774724981133943,0.935,0,1.03816037071221,-0.000224420716452373,-0.00112210358226186,0.0575684934687525,0.0575401108447892,0.944944944944945,0.220984188496522,0.999,999,1000,9.41344444444444,7.52549016071295,0.585588888888889,20260709,1000
150,1,0.9,14,3,0.75,0,0.3,0.2,0,"S1_cap",0.997,0.00172945077987204,0.997,0,1.00534190872719,0.000713515521908986,0.00356757760954493,0.0427988330985917,0.0427833785352035,0.954,0.171577266731543,1,1000,1000,9.38848,7.52699743504355,0.588026666666667,20260709,1000
40,2,0.9,14,3,0.75,0,0.3,0.2,0,"S1_cap",0.8,0.0126808524989648,0.796,0,1.1160373961985,-0.00100582086462001,-0.00502910432310003,0.0706605601909567,0.0706322053833877,0.939698492462312,0.276074329633517,0.995,995,1000,15.289425,9.68740536811167,0.34165,20260709,1000
90,2,0.9,14,3,0.75,0,0.3,0.2,0,"S1_cap",0.989,0.00329833291224522,0.989,0,1.01192083544068,0.00101069141156132,0.0050534570578066,0.0463579955497507,0.0463458324422889,0.951,0.183334488796638,1,1000,1000,15.3309666666667,9.6797213331908,0.339855555555556,20260709,1000
150,2,0.9,14,3,0.75,0,0.3,0.2,0,"S1_cap",1,0,1,0,0.996927567775966,-0.000614486444806883,-0.00307243222403442,0.0363026855719131,0.0362897325471587,0.951,0.142353114120574,1,1000,1000,15.3617133333333,9.6743030628461,0.336386666666667,20260709,1000
40,4,0.9,14,3,0.75,0,0.3,0.2,0,"S1_cap",0.886,0.0100500746265886,0.886,0,1.07995659736996,0.00215164603534915,0.0107582301767457,0.0668162791549595,0.0668175151110455,0.926,0.245426947665024,1,1000,1000,21.443275,9.96995837160707,0.171125,20260709,1000
90,4,0.9,14,3,0.75,0,0.3,0.2,0,"S1_cap",0.993,0.00263647491928143,0.993,0,0.985976068118973,-0.00362325090347515,-0.0181162545173758,0.0432036020619732,0.0433337354379673,0.947,0.16436536636666,1,1000,1000,21.4502666666667,10.0036941206796,0.169588888888889,20260709,1000
150,4,0.9,14,3,0.75,0,0.3,0.2,0,"S1_cap",1,0,1,0,0.99958964809426,-8.2070381148075e-05,-0.000410351905740375,0.0323929316120715,0.0323768351132933,0.951,0.127323750208504,1,1000,1000,21.4706866666667,10.0138525475782,0.171073333333333,20260709,1000
40,1,0.3,28,3,0.75,0,0.3,0.2,0,"S1_cap",0.904904904904905,0.00928106438616229,0.904,0,1.06720359022693,0.0023875894669772,0.011937947334886,0.0617984045185402,0.0618135949353638,0.940940940940941,0.241186926219732,0.999,999,1000,20.265525,7.01549350373773,0.048325,20260709,1000
90,1,0.3,28,3,0.75,0,0.3,0.2,0,"S1_cap",0.996,0.00199599599197994,0.996,0,0.995841457295756,-0.00130523772674199,-0.00652618863370993,0.0415731425768168,0.0415728457415647,0.942,0.161732066929093,1,1000,1000,20.3191333333333,7.04840223679629,0.0469111111111111,20260709,1000
150,1,0.3,28,3,0.75,0,0.3,0.2,0,"S1_cap",1,0,1,0,0.997588480353421,-0.000482303929315836,-0.00241151964657918,0.0329752492697386,0.0329622862437852,0.937,0.125279070692568,1,1000,1000,20.32408,7.0662380009876,0.0463866666666667,20260709,1000
40,2,0.3,28,3,0.75,0,0.3,0.2,0,"S1_cap",0.943,0.00733150734842434,0.943,0,1.03244289458939,0.000148609283934148,0.00074304641967074,0.0534721477728214,0.0534456116212574,0.951,0.215676011691454,1,1000,1000,36.3342,9.46457886371612,0.000925000000000001,20260709,1000
90,2,0.3,28,3,0.75,0,0.3,0.2,0,"S1_cap",1,0,1,0,1.00601392116865,0.00120278423372938,0.00601392116864691,0.0375495848033148,0.0375500737348855,0.944,0.144002814095849,1,1000,1000,36.4427444444444,9.47080704501884,0.000866666666666667,20260709,1000
150,2,0.3,28,3,0.75,0,0.3,0.2,0,"S1_cap",1,0,1,0,1.00169613686452,0.000339227372903012,0.00169613686451506,0.0294145735896549,0.0294018196296129,0.937,0.111770260116541,1,1000,1000,36.47704,9.49869043138286,0.000766666666666668,20260709,1000
40,4,0.3,28,3,0.75,0,0.3,0.2,0,"S1_cap",0.96,0.00619677335393187,0.96,0,1.0143199400668,-0.00187270554386437,-0.00936352771932186,0.0516901770291012,0.05169825483469,0.942,0.204748520431453,1,1000,1000,53.613475,7.93151950018518,2.49999999999998e-05,20260709,1000
90,4,0.3,28,3,0.75,0,0.3,0.2,0,"S1_cap",1,0,1,0,0.997593193446127,-0.000481361310774503,-0.00240680655387251,0.0360580120883777,0.0360431930361523,0.946,0.136989639326648,1,1000,1000,53.6015555555556,8.00633642590836,0,20260709,1000
150,4,0.3,28,3,0.75,0,0.3,0.2,0,"S1_cap",1,0,1,0,0.998927151286982,-0.000214569742603532,-0.00107284871301766,0.0274612161452817,0.0274483207857993,0.937,0.106169890398381,1,1000,1000,53.6791666666667,8.0229483987036,0,20260709,1000
40,1,0.9,28,3,0.75,0,0.3,0.2,0,"S1_cap",0.809619238476954,0.0124275829025015,0.808,0,1.11992036666524,0.00142807060298192,0.00714035301490959,0.0695361693065929,0.0695159928268515,0.939879759519038,0.267510792547711,0.998,998,1000,18.827625,14.4827603116934,0.331925,20260709,1000
90,1,0.9,28,3,0.75,0,0.3,0.2,0,"S1_cap",0.995,0.00223047080231955,0.995,0,1.00103404642592,-0.000374809947258831,-0.00187404973629415,0.0432777375956104,0.0432577171302379,0.96,0.179246099239077,1,1000,1000,18.7962333333333,14.5521940719201,0.331677777777778,20260709,1000
150,1,0.9,28,3,0.75,0,0.3,0.2,0,"S1_cap",1,0,1,0,0.997416602817023,-0.000516679436595335,-0.00258339718297668,0.0351911439394353,0.0351773386258041,0.944,0.138347719224683,1,1000,1000,18.77822,14.5698619697399,0.33476,20260709,1000
40,2,0.9,28,3,0.75,0,0.3,0.2,0,"S1_cap",0.904,0.00931579304192617,0.904,0,1.04065481265214,-0.00273171195564856,-0.0136585597782428,0.0588004899860251,0.0588345338656021,0.954,0.236083983773004,1,1000,1000,30.68355,18.8311625945824,0.165925,20260709,1000
90,2,0.9,28,3,0.75,0,0.3,0.2,0,"S1_cap",1,0,1,0,0.987224960726475,-0.00255500785470508,-0.0127750392735254,0.0387027454745099,0.0387676755802439,0.953,0.157980982589904,1,1000,1000,30.6717555555556,18.9102627316597,0.166444444444444,20260709,1000
150,2,0.9,28,3,0.75,0,0.3,0.2,0,"S1_cap",1,0,1,0,1.00055759744774,0.000111519489547296,0.00055759744773648,0.0306746046606757,0.0306594663409885,0.955,0.12170189375954,1,1000,1000,30.71382,18.9217969360796,0.16704,20260709,1000
40,4,0.9,28,3,0.75,0,0.3,0.2,0,"S1_cap",0.948,0.00702111102319284,0.948,0,1.04343984579691,0.00251888842426062,0.0125944421213031,0.0540250670620642,0.0540567661082621,0.951,0.216929881150808,1,1000,1000,42.768775,19.4531730682815,0.076725,20260709,1000
90,4,0.9,28,3,0.75,0,0.3,0.2,0,"S1_cap",1,0,1,0,1.00301450693997,0.000602901387994903,0.00301450693997452,0.0378100010618313,0.0377959002300386,0.952,0.145872747487675,1,1000,1000,42.9086666666667,19.5484694263394,0.0780555555555556,20260709,1000
150,4,0.9,28,3,0.75,0,0.3,0.2,0,"S1_cap",1,0,1,0,1.00615077487022,0.00123015497404416,0.00615077487022081,0.0282179799517134,0.0282306822344574,0.958,0.113123097306445,1,1000,1000,42.93266,19.5209768869101,0.0775733333333333,20260709,1000
40,1,0.3,14,Inf,0.9,0,0.3,0.2,0,"S2_compliance",0.782828282828283,0.0131044044732444,0.775,0,1.12952397872942,-0.000486910551764169,-0.00243455275882085,0.0747492772969522,0.0747131022305443,0.934343434343434,0.27866342637754,0.99,990,1000,12.601125,5.15557523300881,0.29885,20260709,1000
90,1,0.3,14,Inf,0.9,0,0.3,0.2,0,"S2_compliance",0.986,0.00371537346709587,0.986,0,1.01841004110976,0.00192080966390942,0.00960404831954711,0.0474137352785567,0.0474289335800095,0.938,0.186319692884802,1,1000,1000,12.5968111111111,5.17067401209402,0.298244444444444,20260709,1000
150,1,0.3,14,Inf,0.9,0,0.3,0.2,0,"S2_compliance",1,0,1,0,1.01009308282494,0.00201861656498792,0.0100930828249396,0.0361644826580358,0.036202717424993,0.95,0.144548584770245,1,1000,1000,12.6194333333333,5.17643075118966,0.2968,20260709,1000
40,2,0.3,14,Inf,0.9,0,0.3,0.2,0,"S2_compliance",0.92,0.00857904423581089,0.92,0,1.05433403786381,0.00134824783396015,0.00674123916980074,0.0591602498137945,0.0591460311017935,0.942,0.230848415571022,1,1000,1000,25.21585,9.01169671743844,0.018575,20260709,1000
90,2,0.3,14,Inf,0.9,0,0.3,0.2,0,"S2_compliance",0.999,0.000999499874937461,0.999,0,0.992681480959713,-0.00159631437481597,-0.00798157187407986,0.0395348165695943,0.039547274736112,0.947,0.154066341741661,1,1000,1000,25.2192333333333,9.02507959997165,0.0175111111111111,20260709,1000
150,2,0.3,14,Inf,0.9,0,0.3,0.2,0,"S2_compliance",1,0,1,0,1.00673431308965,0.00134686261793052,0.00673431308965258,0.0306324652035548,0.0306467553818366,0.938,0.119701022433338,1,1000,1000,25.1959866666667,9.04458392058007,0.01848,20260709,1000
40,4,0.3,14,Inf,0.9,0,0.3,0.2,0,"S2_compliance",0.962,0.00604615580348373,0.962,0,1.02893897476844,0.00132243181132269,0.00661215905661344,0.0529590910352464,0.052949121653261,0.944,0.207914293853846,1,1000,1000,50.496475,16.6247115206412,2e-04,20260709,1000
90,4,0.3,14,Inf,0.9,0,0.3,0.2,0,"S2_compliance",1,0,1,0,0.998507563611322,-0.000298487277735515,-0.00149243638867758,0.0336799939007222,0.0336644729918426,0.954,0.138733218712767,1,1000,1000,50.4938111111111,16.6781822033361,0.000244444444444444,20260709,1000
150,4,0.3,14,Inf,0.9,0,0.3,0.2,0,"S2_compliance",1,0,1,0,1.00103930553347,0.000207861106694157,0.00103930553347079,0.0272877493754939,0.0272748941510956,0.958,0.107837279124853,1,1000,1000,50.3569533333333,16.7152523878283,0.000286666666666667,20260709,1000
40,1,0.9,14,Inf,0.9,0,0.3,0.2,0,"S2_compliance",0.715447154471545,0.0143837689277598,0.704,0,1.17439420125841,-0.00184025303497931,-0.00920126517489656,0.0807980253936525,0.0807779237556839,0.935975609756098,0.304798828061849,0.984,984,1000,12.522625,11.623754215972,0.514,20260709,1000
90,1,0.9,14,Inf,0.9,0,0.3,0.2,0,"S2_compliance",0.966,0.00573096850453743,0.966,0,1.01246764495357,-0.00156531291872844,-0.0078265645936422,0.052987198486232,0.0529838255012741,0.937,0.204960474350463,1,1000,1000,12.6659444444444,11.908304031596,0.508255555555556,20260709,1000
150,1,0.9,14,Inf,0.9,0,0.3,0.2,0,"S2_compliance",0.999,0.000999499874937461,0.999,0,0.989053676475192,-0.00231962404903607,-0.0115981202451804,0.040626273581402,0.0406721559145158,0.937,0.157936253230171,1,1000,1000,12.6510866666667,11.8528197053307,0.508486666666667,20260709,1000
40,2,0.9,14,Inf,0.9,0,0.3,0.2,0,"S2_compliance",0.866866866866867,0.0107482196768353,0.866,0,1.08621329454404,0.00192335697572008,0.00961678487860038,0.0646832597149952,0.0646794811142917,0.948948948948949,0.255730753256404,0.999,999,1000,25.16125,22.8840270468562,0.282825,20260709,1000
90,2,0.9,14,Inf,0.9,0,0.3,0.2,0,"S2_compliance",0.995,0.00223047080231955,0.995,0,0.99870204354986,-0.000853174543764157,-0.00426587271882078,0.0425808127432107,0.0425680677863188,0.956,0.170135495629806,1,1000,1000,25.3875333333333,23.091152367327,0.2765,20260709,1000
150,2,0.9,14,Inf,0.9,0,0.3,0.2,0,"S2_compliance",1,0,1,0,1.00382909336662,0.000765818673324176,0.00382909336662088,0.0349068178073413,0.0348977638502225,0.938,0.131633528261026,1,1000,1000,25.09238,22.9263323728689,0.28182,20260709,1000
40,4,0.9,14,Inf,0.9,0,0.3,0.2,0,"S2_compliance",0.928,0.00817410545564467,0.928,0,1.03866248942567,-0.000639594449166253,-0.00319797224583127,0.0577953736107779,0.0577700094050364,0.936,0.222333820215751,1,1000,1000,50.495,45.1953697223145,0.13305,20260709,1000
90,4,0.9,14,Inf,0.9,0,0.3,0.2,0,"S2_compliance",0.999,0.000999499874937461,0.999,0,1.00568957479112,0.000999758429250541,0.00499879214625271,0.0384801560989467,0.0384739029460589,0.951,0.150477867500559,1,1000,1000,50.6377555555556,45.7861562314321,0.137777777777778,20260709,1000
150,4,0.9,14,Inf,0.9,0,0.3,0.2,0,"S2_compliance",1,0,1,0,1.00153154264114,0.000306308528227522,0.00153154264113761,0.030879652182426,0.0308657284200967,0.935,0.11658750978787,1,1000,1000,50.4058466666667,45.6408604235439,0.137093333333333,20260709,1000
40,1,0.3,28,Inf,0.9,0,0.3,0.2,0,"S2_compliance",0.931,0.00801492358042171,0.931,0,1.0495085257938,0.00183351844215698,0.00916759221078492,0.0571966161586552,0.0571974058588173,0.956,0.230391874026595,1,1000,1000,25.1794,9.01185333645732,0.019225,20260709,1000
90,1,0.3,28,Inf,0.9,0,0.3,0.2,0,"S2_compliance",0.997,0.00172945077987204,0.997,0,1.00184525972029,-3.7120146731684e-06,-1.8560073365842e-05,0.0396693684102845,0.039649528938688,0.942,0.154523712947399,1,1000,1000,25.1851,8.99378926740443,0.0181333333333333,20260709,1000
150,1,0.3,28,Inf,0.9,0,0.3,0.2,0,"S2_compliance",1,0,1,0,0.999718854472621,-5.62291054758135e-05,-0.000281145527379068,0.0315875782663689,0.0315718305985819,0.939,0.119465871614766,1,1000,1000,25.2500266666667,9.06547455278621,0.0184533333333333,20260709,1000
40,2,0.3,28,Inf,0.9,0,0.3,0.2,0,"S2_compliance",0.967,0.00564898220921256,0.967,0,1.02988245054805,0.00194607953880332,0.00973039769401662,0.0540708851303446,0.0540788700300911,0.935,0.206594120936897,1,1000,1000,50.504725,16.5751361372834,0.000175,20260709,1000
90,2,0.3,28,Inf,0.9,0,0.3,0.2,0,"S2_compliance",1,0,1,0,1.002429886032,0.00048597720639923,0.00242988603199615,0.0337200568464383,0.033706696149852,0.955,0.13930847477169,1,1000,1000,50.3544222222222,16.6511145130692,2e-04,20260709,1000
150,2,0.3,28,Inf,0.9,0,0.3,0.2,0,"S2_compliance",1,0,1,0,0.992304765834839,-0.00153904683303213,-0.00769523416516066,0.0272222629999593,0.0272521415009973,0.947,0.107671865263307,1,1000,1000,50.4300466666667,16.6611902662262,0.000213333333333334,20260709,1000
40,4,0.3,28,Inf,0.9,0,0.3,0.2,0,"S2_compliance",0.976,0.00483983470792134,0.976,0,1.01094850398551,-0.000619841608458432,-0.00309920804229216,0.0510685845209297,0.0510468072289144,0.941,0.196542951629745,1,1000,1000,101.1003,31.6100700583071,0,20260709,1000
90,4,0.3,28,Inf,0.9,0,0.3,0.2,0,"S2_compliance",1,0,1,0,0.995736060076033,-0.000852787984793324,-0.00426393992396662,0.033728513717541,0.0337224298101985,0.951,0.131537843093377,1,1000,1000,100.849755555556,31.8229606059037,0,20260709,1000
150,4,0.3,28,Inf,0.9,0,0.3,0.2,0,"S2_compliance",1,0,1,0,0.996834561249943,-0.000633087750011335,-0.00316543875005668,0.0265248249368071,0.0265191170986055,0.937,0.101814124222326,1,1000,1000,100.789833333333,31.8018422179211,0,20260709,1000
40,1,0.9,28,Inf,0.9,0,0.3,0.2,0,"S2_compliance",0.864457831325301,0.0108462460510195,0.861,0,1.09196728180287,0.00225816516982155,0.0112908258491078,0.0667609096633688,0.0667655858229423,0.931726907630522,0.253736799313304,0.996,996,1000,25.2385,22.770664991093,0.277875,20260709,1000
90,1,0.9,28,Inf,0.9,0,0.3,0.2,0,"S2_compliance",0.99,0.00314642654451046,0.99,0,1.01228578275928,0.00124678896324668,0.00623394481623338,0.0444179776290092,0.0444132667412946,0.942,0.170793189614157,1,1000,1000,25.1804111111111,23.0833480794418,0.281977777777778,20260709,1000
150,1,0.9,28,Inf,0.9,0,0.3,0.2,0,"S2_compliance",1,0,1,0,0.996401535389038,-0.000719692922192455,-0.00359846461096228,0.0345825694403288,0.0345727654793238,0.948,0.131820446280936,1,1000,1000,25.26716,23.1312582134843,0.279486666666667,20260709,1000
40,2,0.9,28,Inf,0.9,0,0.3,0.2,0,"S2_compliance",0.924,0.00837997613361756,0.924,0,1.04011714714603,-0.001049560006981,-0.00524780003490502,0.0579480380937941,0.0579285656650426,0.94,0.223983897932259,1,1000,1000,50.3176,44.831201566293,0.137625,20260709,1000
90,2,0.9,28,Inf,0.9,0,0.3,0.2,0,"S2_compliance",1,0,1,0,0.996212913743448,-0.000757417251310399,-0.003787086256552,0.0392223986560546,0.0392100987077401,0.944,0.150710789361939,1,1000,1000,50.5852,45.6529524563368,0.135855555555556,20260709,1000
150,2,0.9,28,Inf,0.9,0,0.3,0.2,0,"S2_compliance",1,0,1,0,1.00375110510877,0.000750221021753039,0.0037511051087652,0.0300886888893767,0.0300829968830252,0.94,0.116442860107383,1,1000,1000,50.4530133333333,45.413581649037,0.136293333333333,20260709,1000
40,4,0.9,28,Inf,0.9,0,0.3,0.2,0,"S2_compliance",0.955,0.00655553201502365,0.955,0,1.02282255090136,-0.000899543940262676,-0.00449771970131338,0.0550442336885468,0.055024058138213,0.939,0.208103819684553,1,1000,1000,101.01205,89.8079931611172,0.0628,20260709,1000
90,4,0.9,28,Inf,0.9,0,0.3,0.2,0,"S2_compliance",1,0,1,0,0.9972014249815,-0.000559715003700029,-0.00279857501850014,0.0343754911893497,0.0343628578700887,0.959,0.138574267532079,1,1000,1000,101.055488888889,90.5809036096457,0.0624444444444444,20260709,1000
150,4,0.9,28,Inf,0.9,0,0.3,0.2,0,"S2_compliance",1,0,1,0,1.00754862461424,0.00150972492284834,0.00754862461424172,0.0275982269571467,0.0276257079255839,0.944,0.10787561163981,1,1000,1000,100.453053333333,90.2047072027955,0.0624,20260709,1000
40,1,0.3,14,Inf,0.6,0,0.3,0.2,0,"S2_compliance",0.66235167206041,0.0155323351547829,0.614,0,1.24511289735742,0.00314320359252751,0.0157160179626376,0.0860415118241375,0.0860525151092028,0.934196332254585,0.330599984936884,0.927,927,1000,8.399025,3.79999952845058,0.6489,20260709,1000
90,1,0.3,14,Inf,0.6,0,0.3,0.2,0,"S2_compliance",0.942885771543086,0.0073457548006906,0.941,0,1.04136505898472,0.00160255142939003,0.00801275714695016,0.055700888866274,0.0556960356304027,0.944889779559118,0.217784672994135,0.998,998,1000,8.38182222222222,3.79550168359509,0.651977777777778,20260709,1000
150,1,0.3,14,Inf,0.6,0,0.3,0.2,0,"S2_compliance",1,0,1,0,1.00580507689432,0.00116101537886351,0.00580507689431756,0.0422575977314001,0.0422524178973554,0.962,0.169954041719214,1,1000,1000,8.39878,3.8312606015389,0.650813333333333,20260709,1000
40,2,0.3,14,Inf,0.6,0,0.3,0.2,0,"S2_compliance",0.847,0.0113838042850358,0.847,0,1.09437784479157,8.58684241672458e-05,0.000429342120836229,0.0688798410798269,0.0688454460953031,0.938,0.254588570939831,1,1000,1000,16.801475,6.42023355422096,0.117875,20260709,1000
90,2,0.3,14,Inf,0.6,0,0.3,0.2,0,"S2_compliance",0.996,0.00199599599197994,0.996,0,1.00024556346131,-0.000451642314400508,-0.00225821157200254,0.0443570110186028,0.0443371273636227,0.948,0.17041566792251,1,1000,1000,16.8078444444444,6.44499275114531,0.118277777777778,20260709,1000
150,2,0.3,14,Inf,0.6,0,0.3,0.2,0,"S2_compliance",1,0,1,0,1.0078267612225,0.00156535224449947,0.00782676122249734,0.03361256355346,0.0336322011152424,0.946,0.132049771533477,1,1000,1000,16.81842,6.47387842362994,0.116933333333333,20260709,1000
40,4,0.3,14,Inf,0.6,0,0.3,0.2,0,"S2_compliance",0.935,0.0077958322198467,0.935,0,1.03734721055181,-0.00011175688976009,-0.000558784448800448,0.0571843451597595,0.0571558550948331,0.934,0.218268163702545,1,1000,1000,33.6661,11.5033340392289,0.00335,20260709,1000
90,4,0.3,14,Inf,0.6,0,0.3,0.2,0,"S2_compliance",1,0,1,0,1.00082438647223,0.00016487729444653,0.000824386472232652,0.0373741290552147,0.0373558011778014,0.952,0.146921771016549,1,1000,1000,33.6457777777778,11.602261196903,0.00347777777777778,20260709,1000
150,4,0.3,14,Inf,0.6,0,0.3,0.2,0,"S2_compliance",1,0,1,0,0.996088746945349,-0.000782250610930291,-0.00391125305465145,0.0289304683943277,0.028926578531378,0.956,0.113963264969328,1,1000,1000,33.5400266666667,11.5909507720821,0.00372666666666667,20260709,1000
40,1,0.9,14,Inf,0.6,0,0.3,0.2,0,"S2_compliance",0.633547008547009,0.015749277439271,0.593,0,1.29298537376849,0.00444142173037101,0.0222071086518551,0.0942646691085894,0.0943189305671169,0.92948717948718,0.350560128332894,0.936,936,1000,8.47255,7.98081748171228,0.6633,20260709,1000
90,1,0.9,14,Inf,0.6,0,0.3,0.2,0,"S2_compliance",0.912650602409639,0.00894648751670221,0.909,0,1.06241937971061,0.00155535032623749,0.00777675163118746,0.0628972011100509,0.0628848557001229,0.931726907630522,0.234914532484863,0.996,996,1000,8.39618888888889,8.01859291694545,0.668022222222222,20260709,1000
150,1,0.9,14,Inf,0.6,0,0.3,0.2,0,"S2_compliance",0.988,0.00344325427466518,0.988,0,1.00960800899916,0.000413960051538126,0.00206980025769063,0.0468951790258144,0.0468735535347129,0.946,0.18282112102199,1,1000,1000,8.37325333333333,8.0369144628558,0.66734,20260709,1000
40,2,0.9,14,Inf,0.6,0,0.3,0.2,0,"S2_compliance",0.784708249496982,0.0130369083198281,0.78,0,1.12981301231744,-0.000709182833189215,-0.00354591416594607,0.0718568600536655,0.0718242069310301,0.938631790744467,0.277112147531163,0.994,994,1000,16.79585,15.4323162270554,0.40755,20260709,1000
90,2,0.9,14,Inf,0.6,0,0.3,0.2,0,"S2_compliance",0.98,0.00442718872423573,0.98,0,1.01605386278532,0.000751395949193934,0.00375697974596967,0.0490829468230381,0.0490641531980001,0.944,0.187144137021768,1,1000,1000,16.7959888888889,15.4525763508859,0.404411111111111,20260709,1000
150,2,0.9,14,Inf,0.6,0,0.3,0.2,0,"S2_compliance",1,0,1,0,1.00125000297552,0.000250000595103023,0.00125000297551511,0.037575653262472,0.0375576928029527,0.942,0.146196207025605,1,1000,1000,16.75666,15.5493264044185,0.40666,20260709,1000
40,4,0.9,14,Inf,0.6,0,0.3,0.2,0,"S2_compliance",0.899,0.00952885092757778,0.899,0,1.06516829833527,0.000695599986188067,0.00347799993094033,0.062825228596707,0.062797660770295,0.933,0.239993652627365,1,1000,1000,33.5214,30.2213392687712,0.2136,20260709,1000
90,4,0.9,14,Inf,0.6,0,0.3,0.2,0,"S2_compliance",0.997,0.00172945077987204,0.997,0,1.00074116684913,-0.000222164172794276,-0.00111082086397138,0.0430335882239509,0.0430126398007936,0.935,0.161209235102442,1,1000,1000,33.5017222222222,30.4887007863029,0.213033333333333,20260709,1000
150,4,0.9,14,Inf,0.6,0,0.3,0.2,0,"S2_compliance",1,0,1,0,1.00027352955998,5.47059119953286e-05,0.000273529559976643,0.0316158705085128,0.0316001059726047,0.95,0.124367075246711,1,1000,1000,33.65514,30.556081009096,0.21032,20260709,1000
40,1,0.3,28,Inf,0.6,0,0.3,0.2,0,"S2_compliance",0.852705410821643,0.0112183151304404,0.851,0,1.07503175455942,-0.00222500120788224,-0.0111250060394112,0.0655023206248245,0.0655072933748642,0.940881763527054,0.254248608184635,0.998,998,1000,16.820675,6.41998206402188,0.114975,20260709,1000
90,1,0.3,28,Inf,0.6,0,0.3,0.2,0,"S2_compliance",0.991,0.00298646948753876,0.991,0,1.01085180458612,0.00101408387964452,0.00507041939822261,0.0434239192690445,0.0434140471971316,0.938,0.170412588497205,1,1000,1000,16.7971888888889,6.4577393214905,0.1185,20260709,1000
150,1,0.3,28,Inf,0.6,0,0.3,0.2,0,"S2_compliance",1,0,1,0,1.00689757877613,0.0013795157552256,0.00689757877612801,0.032449465700036,0.0324625618230063,0.96,0.132077023955176,1,1000,1000,16.8111466666667,6.49331613585973,0.118233333333333,20260709,1000
40,2,0.3,28,Inf,0.6,0,0.3,0.2,0,"S2_compliance",0.946,0.00714730718522718,0.946,0,1.0399380452891,0.00151859813742233,0.00759299068711167,0.0558508093766653,0.0558435290380502,0.94,0.218170950857856,1,1000,1000,33.5881,11.5085592823776,0.003425,20260709,1000
90,2,0.3,28,Inf,0.6,0,0.3,0.2,0,"S2_compliance",0.999,0.000999499874937461,0.999,0,0.99935668053026,-0.000258189992194596,-0.00129094996097298,0.0374591209297441,0.0374412769167991,0.948,0.147194128025249,1,1000,1000,33.5920666666667,11.5962303887997,0.00338888888888889,20260709,1000
150,2,0.3,28,Inf,0.6,0,0.3,0.2,0,"S2_compliance",1,0,1,0,0.99790593171117,-0.000418813657765971,-0.00209406828882985,0.0298510027401609,0.029839012837365,0.95,0.11380752232982,1,1000,1000,33.6119666666667,11.60574302141,0.00331333333333333,20260709,1000
40,4,0.3,28,Inf,0.6,0,0.3,0.2,0,"S2_compliance",0.961,0.00612200947402077,0.961,0,0.999915186646388,-0.00455182545457497,-0.0227591272728749,0.052302003239733,0.0524736425104554,0.946,0.201406414170836,1,1000,1000,67.13315,21.5956571527447,2.49999999999998e-05,20260709,1000
90,4,0.3,28,Inf,0.6,0,0.3,0.2,0,"S2_compliance",1,0,1,0,1.00651753749848,0.00130350749969604,0.00651753749848022,0.0350538811155185,0.0350605895341394,0.942,0.134510320754623,1,1000,1000,67.2418222222222,21.7111426407876,4.44444444444446e-05,20260709,1000
150,4,0.3,28,Inf,0.6,0,0.3,0.2,0,"S2_compliance",1,0,1,0,0.992951689684011,-0.00140966206319773,-0.00704831031598865,0.0278335684429008,0.0278553400960354,0.933,0.104631233307337,1,1000,1000,67.20214,21.6636789552144,1.33333333333333e-05,20260709,1000
40,1,0.9,28,Inf,0.6,0,0.3,0.2,0,"S2_compliance",0.785785785785786,0.0129805616065879,0.785,0,1.11328644939521,-0.00220722227517134,-0.0110361113758567,0.0698244776698574,0.0698244167467265,0.952952952952953,0.280399834363999,0.999,999,1000,16.880925,15.459843532391,0.40535,20260709,1000
90,1,0.9,28,Inf,0.6,0,0.3,0.2,0,"S2_compliance",0.977,0.00474035863622153,0.977,0,0.991971856387301,-0.00428117519151258,-0.0214058759575629,0.0482240034556803,0.0483896416168233,0.943,0.187675247952599,1,1000,1000,16.7861666666667,15.512910842191,0.404544444444444,20260709,1000
150,1,0.9,28,Inf,0.6,0,0.3,0.2,0,"S2_compliance",0.999,0.000999499874937461,0.999,0,0.989282597740764,-0.00227816244963203,-0.0113908122481601,0.0368786511144962,0.0369305415241047,0.946,0.145443937286189,1,1000,1000,16.75522,15.5551171140845,0.407093333333333,20260709,1000
40,2,0.9,28,Inf,0.6,0,0.3,0.2,0,"S2_compliance",0.899,0.00952885092757778,0.899,0,1.06367287151538,0.00123150670170624,0.00615753350853121,0.0608691231402309,0.0608511438714596,0.948,0.238892767160557,1,1000,1000,33.3443,29.8634530570746,0.213875,20260709,1000
90,2,0.9,28,Inf,0.6,0,0.3,0.2,0,"S2_compliance",0.997,0.00172945077987204,0.997,0,0.999546327253497,-0.00047538627637278,-0.0023769313818639,0.0411237583556716,0.0411059403238284,0.946,0.160852057051611,1,1000,1000,33.6580666666667,30.6869580642492,0.210855555555556,20260709,1000
150,2,0.9,28,Inf,0.6,0,0.3,0.2,0,"S2_compliance",1,0,1,0,0.996677654458349,-0.000664469108330151,-0.00332234554165076,0.0323507602011531,0.0323414074075765,0.94,0.124529658754689,1,1000,1000,33.5943133333333,30.618528074026,0.21018,20260709,1000
40,4,0.9,28,Inf,0.6,0,0.3,0.2,0,"S2_compliance",0.945,0.00720936890441875,0.945,0,1.02902338130744,-0.000648001253630515,-0.00324000626815257,0.0539236621530123,0.0539005889047321,0.945,0.215812279930342,1,1000,1000,67.235125,59.3984581150901,0.097725,20260709,1000
90,4,0.9,28,Inf,0.6,0,0.3,0.2,0,"S2_compliance",1,0,1,0,0.998596387221044,-0.000280722555791146,-0.00140361277895573,0.0378874061461775,0.0378694982023033,0.934,0.144939469258751,1,1000,1000,66.6809444444444,59.9280548441023,0.0990444444444444,20260709,1000
150,4,0.9,28,Inf,0.6,0,0.3,0.2,0,"S2_compliance",1,0,1,0,0.99990095490635,-1.9809018729916e-05,-9.90450936495801e-05,0.0290063909731696,0.0289918909174326,0.942,0.112131842349631,1,1000,1000,67.3452266666667,60.6412722789934,0.0986866666666667,20260709,1000
40,1,0.3,14,Inf,0.75,0.03,0.3,0.2,0,"S2_compliance",0.662765957446809,0.0154199112471031,0.623,0,1.21689451128236,-0.00108883609638527,-0.00544418048192635,0.085487387438317,0.0854488408792955,0.941489361702128,0.324582856985778,0.94,940,1000,8.667,3.90757929865161,0.623375,20260709,1000
90,1,0.3,14,Inf,0.75,0.03,0.3,0.2,0,"S2_compliance",0.939698492462312,0.00754652142742892,0.935,0,1.04257321413611,0.00144418922297604,0.0072209461148802,0.0570845073198104,0.0570740890632608,0.932663316582915,0.215658653106779,0.995,995,1000,8.67552222222222,3.92820980529968,0.6223,20260709,1000
150,1,0.3,14,Inf,0.75,0.03,0.3,0.2,0,"S2_compliance",0.998,0.00141279864099595,0.998,0,1.01024831016333,0.00175651935896856,0.00878259679484281,0.0415042533464187,0.0415206671798069,0.955,0.167396679776895,1,1000,1000,8.68096666666667,3.92017132610874,0.622726666666667,20260709,1000
40,2,0.3,14,Inf,0.75,0.03,0.3,0.2,0,"S2_compliance",0.87987987987988,0.0102857704590558,0.879,0,1.0703142705784,0.000219252457491687,0.00109626228745843,0.063017283714271,0.0629861172415408,0.945945945945946,0.250485940360836,0.999,999,1000,17.341225,6.57025641149897,0.102,20260709,1000
90,2,0.3,14,Inf,0.75,0.03,0.3,0.2,0,"S2_compliance",0.993,0.00263647491928143,0.993,0,0.999562629727535,-0.00101363195957133,-0.00506815979785663,0.0419099256828169,0.0419012276504872,0.949,0.169105535142001,1,1000,1000,17.3668888888889,6.65458574820516,0.104377777777778,20260709,1000
150,2,0.3,14,Inf,0.75,0.03,0.3,0.2,0,"S2_compliance",1,0,1,0,1.00566131114961,0.00113226222992252,0.0056613111496126,0.0333130263225268,0.0333156116978198,0.945,0.130827160682275,1,1000,1000,17.3337933333333,6.66499378266597,0.105213333333333,20260709,1000
40,4,0.3,14,Inf,0.75,0.03,0.3,0.2,0,"S2_compliance",0.949,0.00695693898205238,0.949,0,1.03850912223135,0.00169404604446846,0.00847023022234231,0.056580842485987,0.0565779120919854,0.949,0.216748716318954,1,1000,1000,34.81765,11.8708108363605,0.00235,20260709,1000
90,4,0.3,14,Inf,0.75,0.03,0.3,0.2,0,"S2_compliance",1,0,1,0,0.996779429042916,-0.000644114191416717,-0.00322057095708358,0.0358251070125728,0.0358129828031877,0.951,0.145763128412068,1,1000,1000,34.6748666666667,11.8852130266236,0.00278888888888889,20260709,1000
150,4,0.3,14,Inf,0.75,0.03,0.3,0.2,0,"S2_compliance",1,0,1,0,1.00233496719118,0.000466993438235835,0.00233496719117918,0.0289882140892553,0.0289774795729333,0.942,0.113507741629357,1,1000,1000,34.6803133333333,11.9263870649239,0.00259333333333333,20260709,1000
40,1,0.9,14,Inf,0.75,0.03,0.3,0.2,0,"S2_compliance",0.636172450052576,0.0156007314614124,0.605,0,1.25508379776852,0.000896795670403266,0.00448397835201633,0.0893012916704589,0.0892588332918098,0.94006309148265,0.349158531226923,0.951,951,1000,8.716975,8.27108232300757,0.65525,20260709,1000
90,1,0.9,14,Inf,0.75,0.03,0.3,0.2,0,"S2_compliance",0.925628140703518,0.00831784941772489,0.921,0,1.05023838135108,0.00104700045283618,0.00523500226418089,0.0591946643855764,0.0591741741412221,0.948743718592965,0.233359518974523,0.995,995,1000,8.64975555555556,8.28998246323082,0.655255555555556,20260709,1000
150,1,0.9,14,Inf,0.75,0.03,0.3,0.2,0,"S2_compliance",0.993,0.00263647491928143,0.993,0,1.00986866817418,0.00108834273012301,0.00544171365061505,0.0461661856081535,0.0461559299203373,0.952,0.180726881049821,1,1000,1000,8.69286,8.3099673166942,0.653946666666667,20260709,1000
40,2,0.9,14,Inf,0.75,0.03,0.3,0.2,0,"S2_compliance",0.782914572864322,0.0130695604944693,0.779,0,1.119673904272,-0.00236812344020945,-0.0118406172010473,0.0725621076814749,0.0725642870959575,0.930653266331658,0.276895482765758,0.995,995,1000,17.47835,15.9354686355775,0.389475,20260709,1000
90,2,0.9,14,Inf,0.75,0.03,0.3,0.2,0,"S2_compliance",0.988,0.00344325427466518,0.988,0,1.01333535196518,0.00107513908413073,0.00537569542065366,0.0486451370842935,0.0486326941124794,0.948,0.186434454766147,1,1000,1000,17.3303888888889,16.1144985311811,0.3966,20260709,1000
150,2,0.9,14,Inf,0.75,0.03,0.3,0.2,0,"S2_compliance",0.999,0.000999499874937461,0.999,0,0.997654054133957,-0.000599001220682155,-0.00299500610341077,0.0368517213626862,0.0368381611985188,0.949,0.143916854341017,1,1000,1000,17.3605133333333,16.1308493323314,0.39562,20260709,1000
40,4,0.9,14,Inf,0.75,0.03,0.3,0.2,0,"S2_compliance",0.918,0.00867617427210864,0.918,0,1.05560616573344,0.00186303872562341,0.00931519362811703,0.0590359280452637,0.0590358066994817,0.957,0.237484063868667,1,1000,1000,34.5964,30.9264291834859,0.204175,20260709,1000
90,4,0.9,14,Inf,0.75,0.03,0.3,0.2,0,"S2_compliance",0.997,0.00172945077987204,0.997,0,1.00325651457582,0.000278487905556041,0.0013924395277802,0.040547700222307,0.0405283781175401,0.947,0.159469709405277,1,1000,1000,34.6747222222222,31.5557690932383,0.202988888888889,20260709,1000
150,4,0.9,14,Inf,0.75,0.03,0.3,0.2,0,"S2_compliance",1,0,1,0,1.00008374234549,1.67484690984931e-05,8.37423454924657e-05,0.0317376490950162,0.0317217807227072,0.954,0.123924421932323,1,1000,1000,34.7815533333333,31.7672094355335,0.20358,20260709,1000
40,1,0.3,28,Inf,0.75,0.03,0.3,0.2,0,"S2_compliance",0.834677419354839,0.0117942297680073,0.828,0,1.1025763045762,0.00117991695819539,0.00589958479097694,0.0682205820692974,0.0681963961030231,0.946572580645161,0.265601649865441,0.992,992,1000,14.31965,5.65210290172217,0.20225,20260709,1000
90,1,0.3,28,Inf,0.75,0.03,0.3,0.2,0,"S2_compliance",0.988,0.00344325427466518,0.988,0,1.00354588624825,-0.000704731566603806,-0.00352365783301903,0.0471952614628514,0.0471769218837275,0.937,0.177617605972027,1,1000,1000,14.3261444444444,5.72858182030201,0.206644444444444,20260709,1000
150,1,0.3,28,Inf,0.75,0.03,0.3,0.2,0,"S2_compliance",1,0,1,0,1.00946954395838,0.00189390879167542,0.0094695439583771,0.0366204268177239,0.0366510776807879,0.933,0.137996988423978,1,1000,1000,14.3262866666667,5.71758516108074,0.206066666666667,20260709,1000
40,2,0.3,28,Inf,0.75,0.03,0.3,0.2,0,"S2_compliance",0.947,0.00708456067798138,0.947,0,1.0372323187911,0.00153154479173639,0.00765772395868197,0.0558732229017709,0.0558662764988202,0.962,0.224339624955894,1,1000,1000,28.720625,10.0958736507103,0.00925,20260709,1000
90,2,0.3,28,Inf,0.75,0.03,0.3,0.2,0,"S2_compliance",1,0,1,0,1.00980392722085,0.0019607854441703,0.00980392722085152,0.0385794339634925,0.0386099602664469,0.952,0.150313984659897,1,1000,1000,28.7192666666667,10.1801880186058,0.009,20260709,1000
150,2,0.3,28,Inf,0.75,0.03,0.3,0.2,0,"S2_compliance",1,0,1,0,1.00335630753973,0.00067126150794572,0.0033563075397286,0.0287629419142925,0.0287563925545164,0.958,0.11705233710064,1,1000,1000,28.6712666666667,10.1349161248362,0.00942,20260709,1000
40,4,0.3,28,Inf,0.75,0.03,0.3,0.2,0,"S2_compliance",0.963,0.00596917079668525,0.963,0,1.02584848178455,0.000705506633903341,0.00352753316951671,0.0532071502097919,0.0531852194902342,0.938,0.204152760938166,1,1000,1000,57.486475,18.64952544254,5.00000000000001e-05,20260709,1000
90,4,0.3,28,Inf,0.75,0.03,0.3,0.2,0,"S2_compliance",1,0,1,0,1.00405236983331,0.000810473966661923,0.00405236983330962,0.0360177300844045,0.0360088387983176,0.937,0.137446895639335,1,1000,1000,57.3444111111111,18.6731561544074,6.66666666666668e-05,20260709,1000
150,4,0.3,28,Inf,0.75,0.03,0.3,0.2,0,"S2_compliance",1,0,1,0,0.998036288154458,-0.000392742369108412,-0.00196371184554206,0.0264438880888758,0.0264335806240514,0.961,0.106144062154651,1,1000,1000,57.4709466666667,18.7944218677772,1e-04,20260709,1000
40,1,0.9,28,Inf,0.75,0.03,0.3,0.2,0,"S2_compliance",0.754545454545455,0.0136776235298568,0.747,0,1.15468206879294,-0.000420017776282366,-0.00210008888141183,0.0782176619465904,0.0781792763760105,0.925252525252525,0.291194809040966,0.99,990,1000,14.269725,13.0120534767402,0.457925,20260709,1000
90,1,0.9,28,Inf,0.75,0.03,0.3,0.2,0,"S2_compliance",0.972,0.0052168956286282,0.972,0,1.02130521698284,0.0009398633020406,0.004699316510203,0.050509181443348,0.0504926685340901,0.94,0.196917230920762,1,1000,1000,14.3118888888889,13.3279212284951,0.463466666666667,20260709,1000
150,1,0.9,28,Inf,0.75,0.03,0.3,0.2,0,"S2_compliance",0.999,0.000999499874937461,0.999,0,0.996440107426706,-0.000849126414653012,-0.00424563207326506,0.0376106427647844,0.0376014215741787,0.95,0.152233801850118,1,1000,1000,14.3494733333333,13.4050741645013,0.46158,20260709,1000
40,2,0.9,28,Inf,0.75,0.03,0.3,0.2,0,"S2_compliance",0.878,0.0103496859855746,0.878,0,1.06897792342802,-6.99931432893153e-05,-0.000349965716446576,0.0626983883296088,0.0626670703820707,0.938,0.24635244724341,1,1000,1000,28.70015,25.8890370108759,0.247,20260709,1000
90,2,0.9,28,Inf,0.75,0.03,0.3,0.2,0,"S2_compliance",0.997,0.00172945077987204,0.997,0,0.995696286057611,-0.00120974278275512,-0.00604871391377562,0.0417198090899593,0.0417164884144456,0.942,0.164927728015469,1,1000,1000,28.8802111111111,26.2280725796533,0.246488888888889,20260709,1000
150,2,0.9,28,Inf,0.75,0.03,0.3,0.2,0,"S2_compliance",1,0,1,0,0.992177299553191,-0.0015645400893618,-0.007822700446809,0.0325169244017637,0.0325382975563979,0.937,0.128283272946208,1,1000,1000,28.7597066666667,26.2763011099566,0.245126666666667,20260709,1000
40,4,0.9,28,Inf,0.75,0.03,0.3,0.2,0,"S2_compliance",0.939,0.00756828910652864,0.939,0,1.02690814212317,-0.00124598734338277,-0.00622993671691385,0.0551113724542944,0.0550979000950312,0.958,0.221508980244937,1,1000,1000,57.2909,50.8497267969466,0.1176,20260709,1000
90,4,0.9,28,Inf,0.75,0.03,0.3,0.2,0,"S2_compliance",1,0,1,0,1.01078026896799,0.00215605379359823,0.0107802689679912,0.037280514673872,0.0373241946401436,0.941,0.147807065843124,1,1000,1000,57.3641888888889,51.9730420203398,0.117711111111111,20260709,1000
150,4,0.9,28,Inf,0.75,0.03,0.3,0.2,0,"S2_compliance",1,0,1,0,1.00324978233937,0.000649956467873053,0.00324978233936526,0.0295702731009046,0.029562630018673,0.947,0.114737149697166,1,1000,1000,57.4945,52.0597947373755,0.1184,20260709,1000
40,1,0.3,14,Inf,0.75,0,0,0.2,0,"S3_phi",0.726714431934493,0.0142574861857326,0.71,0,1.18401819269246,0.000630927952925825,0.00315463976462912,0.0817333202580303,0.0816939172156212,0.92835209825998,0.298204658284666,0.977,977,1000,10.48355,4.48756512101274,0.453775,20260709,1000
90,1,0.3,14,Inf,0.75,0,0,0.2,0,"S3_phi",0.97997997997998,0.00443157507846749,0.979,0,1.01869675065966,0.00123003568299876,0.0061501784149938,0.0484337540765541,0.0484251313371365,0.952952952952953,0.199038435701916,0.999,999,1000,10.5061777777778,4.50323967738301,0.451922222222222,20260709,1000
150,1,0.3,14,Inf,0.75,0,0,0.2,0,"S3_phi",0.998,0.00141279864099595,0.998,0,1.0037839407416,0.000506682758435434,0.00253341379217717,0.0400770659582932,0.0400602268094834,0.947,0.154343997595813,1,1000,1000,10.5043533333333,4.50822972559632,0.45254,20260709,1000
40,2,0.3,14,Inf,0.75,0,0,0.2,0,"S3_phi",0.903,0.00935900635751467,0.903,0,1.05233771517665,-0.00051779879124153,-0.00258899395620765,0.0597067862294884,0.0596791717194549,0.951,0.240863764168339,1,1000,1000,21.02205,7.72339245073968,0.0469,20260709,1000
90,2,0.3,14,Inf,0.75,0,0,0.2,0,"S3_phi",0.999,0.000999499874937461,0.999,0,0.989942244340307,-0.00214937762127856,-0.0107468881063928,0.041721181945155,0.041755672549208,0.946,0.16059036347272,1,1000,1000,20.9922444444444,7.73025287210644,0.0454111111111111,20260709,1000
150,2,0.3,14,Inf,0.75,0,0,0.2,0,"S3_phi",1,0,1,0,1.00233810150356,0.000467620300711319,0.00233810150355659,0.031670805191302,0.0316584195800986,0.944,0.124796326091748,1,1000,1000,21.01962,7.76968711002891,0.0458733333333333,20260709,1000
40,4,0.3,14,Inf,0.75,0,0,0.2,0,"S3_phi",0.949,0.00695693898205238,0.949,0,1.04053626044074,0.00205469700418512,0.0102734850209256,0.0551977294709221,0.0552083719121055,0.947,0.212855938899056,1,1000,1000,42.052225,14.0470396312963,0.00075,20260709,1000
90,4,0.3,14,Inf,0.75,0,0,0.2,0,"S3_phi",1,0,1,0,0.990414446431863,-0.00191711071362735,-0.00958555356813676,0.0355637495007836,0.0355976236814234,0.947,0.142290836961762,1,1000,1000,42.0531555555556,14.092485952992,0.000766666666666667,20260709,1000
150,4,0.3,14,Inf,0.75,0,0,0.2,0,"S3_phi",1,0,1,0,0.998066592245398,-0.000386681550920392,-0.00193340775460196,0.0289062548449027,0.0288943856174712,0.94,0.110018555677319,1,1000,1000,42.03748,14.1564702414597,0.00072,20260709,1000
40,1,0.9,14,Inf,0.75,0,0,0.2,0,"S3_phi",0.683127572016461,0.0149231326894465,0.664,0,1.21645366283028,0.00206396732312125,0.0103198366156063,0.083411164296298,0.0833937914264149,0.93724279835391,0.323143999398186,0.972,972,1000,10.5617,9.82916000098746,0.57815,20260709,1000
90,1,0.9,14,Inf,0.75,0,0,0.2,0,"S3_phi",0.93687374749499,0.00769804185793874,0.935,0,1.04016714981003,0.0005847445462559,0.0029237227312795,0.0574560006565698,0.0574301848334604,0.943887775551102,0.215413837152254,0.998,998,1000,10.5314444444444,9.94985819825037,0.579611111111111,20260709,1000
150,1,0.9,14,Inf,0.75,0,0,0.2,0,"S3_phi",0.996,0.00199599599197994,0.996,0,1.00787429711688,0.00106574203918028,0.00532871019590139,0.0410748586459174,0.0410681467181487,0.961,0.168046591146312,1,1000,1000,10.49982,9.90467732258212,0.580673333333333,20260709,1000
40,2,0.9,14,Inf,0.75,0,0,0.2,0,"S3_phi",0.843687374749499,0.0114953588455417,0.842,0,1.10867259591429,0.00282894313915302,0.0141447156957651,0.0700373878644063,0.0700594287182199,0.93186372745491,0.261165359568226,0.998,998,1000,21.127275,19.2393631571361,0.3301,20260709,1000
90,2,0.9,14,Inf,0.75,0,0,0.2,0,"S3_phi",0.991,0.00298646948753876,0.991,0,1.0034362311758,-0.000400276760349205,-0.00200138380174603,0.0441306042280665,0.0441103495881588,0.946,0.177537751190704,1,1000,1000,20.9865,19.3325631126033,0.333222222222222,20260709,1000
150,2,0.9,14,Inf,0.75,0,0,0.2,0,"S3_phi",0.999,0.000999499874937461,0.999,0,1.00528240189262,0.000930634703951966,0.00465317351975983,0.035342241188185,0.0353368224256771,0.953,0.137736662210689,1,1000,1000,20.9251333333333,19.3626582151724,0.335346666666667,20260709,1000
40,4,0.9,14,Inf,0.75,0,0,0.2,0,"S3_phi",0.917,0.00872416185085994,0.917,0,1.06116376046961,0.00229938880557623,0.0114969440278812,0.0585317400974948,0.0585476372121117,0.949,0.2315377366041,1,1000,1000,41.772375,37.6767506310656,0.1702,20260709,1000
90,4,0.9,14,Inf,0.75,0,0,0.2,0,"S3_phi",0.999,0.000999499874937461,0.999,0,0.996400290526805,-0.000871803995412757,-0.00435901997706378,0.0398656261830739,0.0398552245637136,0.933,0.154072096891699,1,1000,1000,41.8899666666667,37.9844805899844,0.169033333333333,20260709,1000
150,4,0.9,14,Inf,0.75,0,0,0.2,0,"S3_phi",1,0,1,0,0.997428530878984,-0.000514293824203232,-0.00257146912101616,0.0302566667197108,0.0302459073800784,0.951,0.119950938068629,1,1000,1000,41.8498133333333,38.044230460778,0.165866666666667,20260709,1000
40,1,0.3,28,Inf,0.75,0,0,0.2,0,"S3_phi",0.886,0.0100500746265886,0.886,0,1.06273933588109,-0.000487830806721073,-0.00243915403360537,0.0617455311205923,0.0617165786612208,0.946,0.241381566891376,1,1000,1000,21.023025,7.73024112775422,0.047925,20260709,1000
90,1,0.3,28,Inf,0.75,0,0,0.2,0,"S3_phi",1,0,1,0,0.993464994277155,-0.00130700114456897,-0.00653500572284485,0.0426221382919207,0.0426208666957271,0.942,0.160596397801788,1,1000,1000,21.0153111111111,7.76633128737551,0.0469666666666667,20260709,1000
150,1,0.3,28,Inf,0.75,0,0,0.2,0,"S3_phi",1,0,1,0,1.01024871803858,0.00204974360771687,0.0102487180385843,0.0322760491265718,0.0323249602123658,0.946,0.12463813969537,1,1000,1000,20.9888733333333,7.77032914010315,0.04656,20260709,1000
40,2,0.3,28,Inf,0.75,0,0,0.2,0,"S3_phi",0.957,0.00641490451994416,0.957,0,1.02057103674921,-0.00105389227134672,-0.00526946135673362,0.0545590522061168,0.0545419487768062,0.94,0.211992847724516,1,1000,1000,41.996425,14.0682845965103,0.000724999999999998,20260709,1000
90,2,0.3,28,Inf,0.75,0,0,0.2,0,"S3_phi",0.999,0.000999499874937461,0.999,0,0.997747110780355,-0.000579960939346341,-0.00289980469673171,0.0369707548941669,0.036956815818172,0.937,0.142244408242033,1,1000,1000,42.0951222222222,14.1980249518502,0.000877777777777778,20260709,1000
150,2,0.3,28,Inf,0.75,0,0,0.2,0,"S3_phi",1,0,1,0,0.997445604096729,-0.000510879180654206,-0.00255439590327103,0.0285759459678084,0.0285662230755901,0.941,0.110217643037325,1,1000,1000,41.97422,14.0932183916757,0.00078,20260709,1000
40,4,0.3,28,Inf,0.75,0,0,0.2,0,"S3_phi",0.976,0.00483983470792134,0.976,0,1.00380554051136,-0.0021268009250458,-0.010634004625229,0.0496135632386933,0.0496343372450701,0.949,0.199007598080768,1,1000,1000,84.04515,26.6234757565116,0,20260709,1000
90,4,0.3,28,Inf,0.75,0,0,0.2,0,"S3_phi",1,0,1,0,1.00966462694516,0.00193292538903195,0.00966462694515974,0.0337497044407588,0.0337881592847006,0.954,0.132723354791752,1,1000,1000,83.9460777777778,26.6820865289613,0,20260709,1000
150,4,0.3,28,Inf,0.75,0,0,0.2,0,"S3_phi",1,0,1,0,0.993698897985862,-0.00126022040282753,-0.00630110201413764,0.0266231325632026,0.0266396424854779,0.948,0.103152901456208,1,1000,1000,83.8851866666667,26.7696645599344,0,20260709,1000
40,1,0.9,28,Inf,0.75,0,0,0.2,0,"S3_phi",0.821464393179539,0.0121285592618007,0.819,0,1.10646275000011,-0.000839412113596949,-0.00419706056798475,0.0703024985128312,0.0702722462755122,0.939819458375125,0.264021761746382,0.997,997,1000,21.033725,19.0323063517066,0.33225,20260709,1000
90,1,0.9,28,Inf,0.75,0,0,0.2,0,"S3_phi",0.99,0.00314642654451046,0.99,0,1.00385685051043,-0.000403233290748178,-0.00201616645374089,0.0443345142966888,0.0443141761274217,0.944,0.176753547331769,1,1000,1000,21.0407222222222,19.1834577939091,0.3308,20260709,1000
150,1,0.9,28,Inf,0.75,0,0,0.2,0,"S3_phi",1,0,1,0,1.00239831072939,0.000479662145878912,0.00239831072939456,0.0341293551938179,0.0341156584112638,0.961,0.137460771940185,1,1000,1000,21.0462133333333,19.4228601602816,0.332646666666667,20260709,1000
40,2,0.9,28,Inf,0.75,0,0,0.2,0,"S3_phi",0.917,0.00872416185085994,0.917,0,1.0501469012138,0.000889024735253624,0.00444512367626812,0.0579439041109585,0.057921748010365,0.951,0.231013452217663,1,1000,1000,41.9586,37.808602328187,0.1694,20260709,1000
90,2,0.9,28,Inf,0.75,0,0,0.2,0,"S3_phi",0.997,0.00172945077987204,0.997,0,0.996325686545617,-0.00111778248904582,-0.00558891244522908,0.0402673094019782,0.0402626897755351,0.946,0.154411243307555,1,1000,1000,41.9705555555556,37.93161309156,0.166211111111111,20260709,1000
150,2,0.9,28,Inf,0.75,0,0,0.2,0,"S3_phi",1,0,1,0,0.9984209040842,-0.000315819183159927,-0.00157909591579963,0.0298679754481666,0.0298547082245224,0.949,0.119684014856013,1,1000,1000,42.09632,38.1053694848735,0.16554,20260709,1000
40,4,0.9,28,Inf,0.75,0,0,0.2,0,"S3_phi",0.938,0.00762600813007697,0.938,0,1.04609003548539,0.00160618575563395,0.00803092877816977,0.0556418052064349,0.0556371666139265,0.929,0.211572239163121,1,1000,1000,83.90755,74.8371057648204,0.0768,20260709,1000
90,4,0.9,28,Inf,0.75,0,0,0.2,0,"S3_phi",0.999,0.000999499874937461,0.999,0,1.00747667190316,0.00137447426447199,0.00687237132235993,0.0364132026596609,0.0364209360960053,0.942,0.141787041215449,1,1000,1000,83.9495,75.2710099101877,0.0773333333333333,20260709,1000
150,4,0.9,28,Inf,0.75,0,0,0.2,0,"S3_phi",1,0,1,0,1.00870136790058,0.0017402735801153,0.00870136790057652,0.0279922996156579,0.0280323709498258,0.949,0.109554548855049,1,1000,1000,83.9636,75.6532684549165,0.0761533333333333,20260709,1000
40,1,0.3,14,Inf,0.75,0,0.5,0.2,0,"S3_phi",0.729525862068966,0.0145817359871233,0.677,0,1.18277157699523,0.000231815870638336,0.00115907935319168,0.0810987050930301,0.0810553293862663,0.933189655172414,0.301519793407129,0.928,928,1000,10.4967,4.46683358499545,0.45265,20260709,1000
90,1,0.3,14,Inf,0.75,0,0.5,0.2,0,"S3_phi",0.972477064220184,0.00522339126387167,0.954,0,1.02469983683781,0.00151264634959927,0.00756323174799636,0.0522466138944978,0.0522418815203005,0.934760448521916,0.199885682967123,0.981,981,1000,10.4779555555556,4.49399979078594,0.454377777777778,20260709,1000
150,1,0.3,14,Inf,0.75,0,0.5,0.2,0,"S3_phi",0.998994974874372,0.00100451996091887,0.994,0,0.997297233904724,-0.000678121128518228,-0.00339060564259114,0.0379603807175689,0.0379473598663357,0.949748743718593,0.155094612547662,0.995,995,1000,10.52758,4.50961773673734,0.449813333333333,20260709,1000
40,2,0.3,14,Inf,0.75,0,0.5,0.2,0,"S3_phi",0.894894894894895,0.00970320432435131,0.894,0,1.05990479205672,-8.39547941438312e-05,-0.000419773970719156,0.0607181856095743,0.0606878465895273,0.94994994994995,0.241015245583936,0.999,999,1000,20.954525,7.71207480655222,0.04535,20260709,1000
90,2,0.3,14,Inf,0.75,0,0.5,0.2,0,"S3_phi",0.998,0.00141279864099595,0.998,0,0.994996248685942,-0.00123386638537615,-0.00616933192688074,0.0411570335077024,0.0411549502733747,0.947,0.160304350019733,1,1000,1000,20.9878777777778,7.72964035085694,0.0464111111111111,20260709,1000
150,2,0.3,14,Inf,0.75,0,0.5,0.2,0,"S3_phi",1,0,1,0,1.00112121273661,0.000224242547321063,0.00112121273660531,0.0330731831327084,0.0330574029803789,0.941,0.124745135588865,1,1000,1000,21.0464066666667,7.80890010149696,0.0453933333333333,20260709,1000
40,4,0.3,14,Inf,0.75,0,0.5,0.2,0,"S3_phi",0.941,0.00745110730026082,0.941,0,1.02780838618118,-0.00136297325580567,-0.00681486627902836,0.055731795098302,0.0557205944691034,0.936,0.211720249665314,1,1000,1000,41.917825,14.0919071600515,0.000824999999999998,20260709,1000
90,4,0.3,14,Inf,0.75,0,0.5,0.2,0,"S3_phi",0.999,0.000999499874937461,0.999,0,1.00043202307816,-3.63370387760353e-05,-0.000181685193880177,0.0384215107535385,0.0384023123844916,0.935,0.141944201242521,1,1000,1000,42.0092555555556,14.0920658056411,0.000955555555555554,20260709,1000
150,4,0.3,14,Inf,0.75,0,0.5,0.2,0,"S3_phi",1,0,1,0,0.995461272891449,-0.000907745421710182,-0.00453872710855091,0.0282473568830725,0.028247818667278,0.947,0.110202754020361,1,1000,1000,42.0251866666667,14.1837944005048,0.000826666666666666,20260709,1000
40,1,0.9,14,Inf,0.75,0,0.5,0.2,0,"S3_phi",0.664248704663212,0.0152023437999498,0.641,0,1.22291625798583,-0.00158435988647518,-0.00792179943237589,0.0865018228821833,0.0864715074718115,0.927461139896373,0.326885328125195,0.965,965,1000,10.51105,9.76635080313311,0.580375,20260709,1000
90,1,0.9,14,Inf,0.75,0,0.5,0.2,0,"S3_phi",0.941941941941942,0.00739878787468595,0.941,0,1.03357877952296,-0.000145846730639637,-0.000729233653198186,0.0562496750212973,0.0562217041553994,0.935935935935936,0.217806776386549,0.999,999,1000,10.4936444444444,9.9004312689807,0.581744444444444,20260709,1000
150,1,0.9,14,Inf,0.75,0,0.5,0.2,0,"S3_phi",0.992,0.00281709069786544,0.992,0,1.00340830912876,-0.000279251672559377,-0.00139625836279689,0.0452284515813582,0.0452066942068478,0.938,0.168703616346919,1,1000,1000,10.50126,9.91311449393614,0.57996,20260709,1000
40,2,0.9,14,Inf,0.75,0,0.5,0.2,0,"S3_phi",0.834503510531595,0.0117695781722668,0.832,0,1.10897981314934,0.00170383364262444,0.00851916821312221,0.0704173521274147,0.0704026491381202,0.929789368104313,0.262059363956196,0.997,997,1000,21.119325,19.1142244440898,0.33275,20260709,1000
90,2,0.9,14,Inf,0.75,0,0.5,0.2,0,"S3_phi",0.994,0.00244213021765835,0.994,0,0.998322341493429,-0.00112009338422556,-0.00560046692112778,0.0447043697066082,0.0446960490354979,0.952,0.17684525588298,1,1000,1000,20.9238555555556,19.2075892004748,0.334855555555556,20260709,1000
150,2,0.9,14,Inf,0.75,0,0.5,0.2,0,"S3_phi",1,0,1,0,0.996780506407049,-0.000643898718590108,-0.00321949359295054,0.0363170395066226,0.0363045869929251,0.935,0.13688704481398,1,1000,1000,20.9434733333333,19.302780012255,0.334506666666667,20260709,1000
40,4,0.9,14,Inf,0.75,0,0.5,0.2,0,"S3_phi",0.899,0.00952885092757778,0.899,0,1.04854697978456,-0.00256610327963672,-0.0128305163981836,0.0614815769523261,0.0615043836346809,0.931,0.230550625240855,1,1000,1000,42.008225,37.7966005142965,0.165925,20260709,1000
90,4,0.9,14,Inf,0.75,0,0.5,0.2,0,"S3_phi",0.999,0.000999499874937461,0.999,0,0.990334688059883,-0.00204166697760208,-0.0102083348880104,0.0394808848468735,0.0395139207377758,0.95,0.154670303787522,1,1000,1000,41.9384444444444,38.0306836065717,0.167333333333333,20260709,1000
150,4,0.9,14,Inf,0.75,0,0.5,0.2,0,"S3_phi",1,0,1,0,1.00575059856169,0.00115011971233714,0.00575059856168569,0.030554900921849,0.030561268686466,0.956,0.119771101042618,1,1000,1000,42.0115,38.1882392503141,0.167406666666667,20260709,1000
40,1,0.3,28,Inf,0.75,0,0.5,0.2,0,"S3_phi",0.887887887887888,0.00998211546010826,0.887,0,1.06454357083775,-0.000514452706665502,-0.00257226353332751,0.0631634735412108,0.0631339483429544,0.935935935935936,0.239568987539848,0.999,999,1000,21.0723,7.80550659064302,0.04605,20260709,1000
90,1,0.3,28,Inf,0.75,0,0.5,0.2,0,"S3_phi",0.998,0.00141279864099595,0.998,0,1.00104337030911,-3.86935324418469e-05,-0.000193467662209235,0.0430122141749987,0.0429907201016356,0.933,0.160861198142787,1,1000,1000,21.0257333333333,7.77420395267523,0.0461555555555556,20260709,1000
150,1,0.3,28,Inf,0.75,0,0.5,0.2,0,"S3_phi",1,0,1,0,0.99386078272819,-0.00122784345436189,-0.00613921727180944,0.0307459050277977,0.0307550477946434,0.955,0.12535701879517,1,1000,1000,20.98362,7.78275552811924,0.0467533333333333,20260709,1000
40,2,0.3,28,Inf,0.75,0,0.5,0.2,0,"S3_phi",0.949,0.00695693898205238,0.949,0,1.03838809791292,0.00167158340897527,0.00835791704487637,0.0556732704511349,0.0556705282961788,0.938,0.211524522980604,1,1000,1000,42.092575,14.1354637919562,0.000875,20260709,1000
90,2,0.3,28,Inf,0.75,0,0.5,0.2,0,"S3_phi",0.999,0.000999499874937461,0.999,0,0.996844464565925,-0.000786066333753777,-0.00393033166876888,0.0363109391360546,0.036301290843748,0.948,0.141628086195222,1,1000,1000,41.9351777777778,14.0218842949968,0.000566666666666667,20260709,1000
150,2,0.3,28,Inf,0.75,0,0.5,0.2,0,"S3_phi",1,0,1,0,0.997238910211846,-0.000552217957630885,-0.00276108978815442,0.0291954460988141,0.0291860693398165,0.952,0.110620029534884,1,1000,1000,42.0652133333333,14.1363962237523,0.000653333333333334,20260709,1000
40,4,0.3,28,Inf,0.75,0,0.5,0.2,0,"S3_phi",0.96,0.00619677335393187,0.96,0,1.01459770368995,-0.00176505593698603,-0.00882527968493016,0.05195826011572,0.051962260881521,0.938,0.199378338238794,1,1000,1000,84.2578,26.6759640537989,2.49999999999996e-05,20260709,1000
90,4,0.3,28,Inf,0.75,0,0.5,0.2,0,"S3_phi",0.999,0.000999499874937461,0.999,0,1.00520277467298,0.000904302543989127,0.00452151271994564,0.0342947028411155,0.0342894776776859,0.948,0.132595240365464,1,1000,1000,84.0363555555556,26.7829502076041,0,20260709,1000
150,4,0.3,28,Inf,0.75,0,0.5,0.2,0,"S3_phi",1,0,1,0,1.00177364325041,0.000354728650082431,0.00177364325041215,0.0264766576198905,0.026465793351747,0.942,0.102962853587276,1,1000,1000,83.9388133333333,26.7201531663262,6.66666666666658e-06,20260709,1000
40,1,0.9,28,Inf,0.75,0,0.5,0.2,0,"S3_phi",0.828828828828829,0.0119169465445645,0.828,0,1.09227001252795,-0.00228152808856136,-0.0114076404428068,0.0703358218362673,0.0703376223929181,0.937937937937938,0.26315050611238,0.999,999,1000,20.923575,18.9044899934914,0.332575,20260709,1000
90,1,0.9,28,Inf,0.75,0,0.5,0.2,0,"S3_phi",0.988,0.00344325427466518,0.988,0,1.01493707083172,0.00143912499048904,0.00719562495244519,0.0438882359426574,0.0438898867353568,0.954,0.177698797994637,1,1000,1000,20.8834777777778,19.2324730086439,0.334877777777778,20260709,1000
150,1,0.9,28,Inf,0.75,0,0.5,0.2,0,"S3_phi",1,0,1,0,0.998889703816525,-0.000222059236694938,-0.00111029618347469,0.0356556846291446,0.0356385441457876,0.955,0.137477791460037,1,1000,1000,20.9342533333333,19.1917682139767,0.333313333333333,20260709,1000
40,2,0.9,28,Inf,0.75,0,0.5,0.2,0,"S3_phi",0.924,0.00837997613361756,0.924,0,1.02960791482577,-0.0026684186119933,-0.0133420930599665,0.0594619119993387,0.0594920475150025,0.94,0.230162501533518,1,1000,1000,41.98425,37.615746707507,0.166975,20260709,1000
90,2,0.9,28,Inf,0.75,0,0.5,0.2,0,"S3_phi",0.999,0.000999499874937461,0.999,0,1.00508102097587,0.000853195145256364,0.00426597572628182,0.0393226772988566,0.0393122705901854,0.95,0.154289893872864,1,1000,1000,41.8997111111111,38.0141466818697,0.168666666666667,20260709,1000
150,2,0.9,28,Inf,0.75,0,0.5,0.2,0,"S3_phi",1,0,1,0,0.999348581247725,-0.000130283750454901,-0.000651418752274507,0.0297217159638302,0.029707137076642,0.966,0.120269833447526,1,1000,1000,41.8643466666667,37.9200313832154,0.166746666666667,20260709,1000
40,4,0.9,28,Inf,0.75,0,0.5,0.2,0,"S3_phi",0.946,0.00714730718522718,0.946,0,1.03571717807805,0.00061494750669322,0.0030747375334661,0.0565958879787432,0.0565709254122852,0.933,0.212227028808937,1,1000,1000,84.14025,74.8067949367877,0.078675,20260709,1000
90,4,0.9,28,Inf,0.75,0,0.5,0.2,0,"S3_phi",0.999,0.000999499874937461,0.999,0,1.00607161096666,0.00107720261317182,0.00538601306585909,0.0357464651652738,0.0357448223874472,0.954,0.141702470721379,1,1000,1000,84.0968333333333,75.0912192127275,0.0776666666666667,20260709,1000
150,4,0.9,28,Inf,0.75,0,0.5,0.2,0,"S3_phi",1,0,1,0,1.01208851833971,0.00241770366794175,0.0120885183397088,0.0286440341007462,0.0287316115089482,0.943,0.109625348846732,1,1000,1000,84.0199533333333,75.6510098445853,0.0767933333333333,20260709,1000
40,1,0.3,14,Inf,0.75,0,0.3,0.1,0,"S4_effect",0.24,0.0136776066282418,0.234,0.00847457627118644,1.93260049385953,-0.00368228614746059,-0.0368228614746059,0.0778051073273558,0.0778523288114343,0.932307692307692,0.298332145537232,0.975,975,1000,10.492825,4.44861598813011,0.45195,20260709,1000
90,1,0.3,14,Inf,0.75,0,0.3,0.1,0,"S4_effect",0.496,0.0158108823283206,0.496,0,1.36797190043209,-0.00402155382965803,-0.0402155382965803,0.0513295352180118,0.0514612413347779,0.939,0.198123693652379,1,1000,1000,10.4994222222222,4.5005417145051,0.452111111111111,20260709,1000
150,1,0.3,14,Inf,0.75,0,0.3,0.1,0,"S4_effect",0.716,0.0142598737722323,0.716,0,1.20065250159218,0.000924613010741829,0.00924613010741829,0.0403070853343779,0.0402975356100631,0.948,0.15404874881708,1,1000,1000,10.5020066666667,4.50415396060468,0.452373333333333,20260709,1000
40,2,0.3,14,Inf,0.75,0,0.3,0.1,0,"S4_effect",0.354,0.0151223014121528,0.354,0.0028169014084507,1.61769708900224,-0.00323337323483537,-0.0323337323483537,0.0635249171759699,0.0635754228423797,0.933,0.238962288956216,1,1000,1000,21.000875,7.7144262511444,0.045925,20260709,1000
90,2,0.3,14,Inf,0.75,0,0.3,0.1,0,"S4_effect",0.693,0.014585986425333,0.693,0,1.1975131685823,6.31000841788548e-05,0.000631000841788548,0.0392311252015699,0.0392115555036687,0.956,0.16109880522769,1,1000,1000,21.0291,7.79324884433039,0.0450444444444444,20260709,1000
150,2,0.3,14,Inf,0.75,0,0.3,0.1,0,"S4_effect",0.873,0.0105295299040366,0.873,0,1.07803729163645,1.66078263980213e-05,0.000166078263980213,0.0329615931373847,0.0329451124046076,0.941,0.124953129400874,1,1000,1000,20.9678866666667,7.77914554858477,0.0470533333333333,20260709,1000
40,4,0.3,14,Inf,0.75,0,0.3,0.1,0,"S4_effect",0.431,0.0156601085564564,0.431,0,1.48228612475961,-0.00288196217412727,-0.0288196217412727,0.0566756674017173,0.0567205857703158,0.937,0.213757863943268,1,1000,1000,42.048575,14.1403555937138,0.000675000000000002,20260709,1000
90,4,0.3,14,Inf,0.75,0,0.3,0.1,0,"S4_effect",0.788,0.0129250145067617,0.788,0,1.13291022438562,-0.000164847064379664,-0.00164847064379664,0.0368546279441868,0.0368365648759241,0.948,0.142428270935997,1,1000,1000,41.9964,14.1416162764062,0.000588888888888889,20260709,1000
150,4,0.3,14,Inf,0.75,0,0.3,0.1,0,"S4_effect",0.937,0.00768316341099159,0.937,0,1.04589092217999,0.000974566015568445,0.00974566015568445,0.0279971655587805,0.0280001288740809,0.959,0.110166821101181,1,1000,1000,42.0012933333333,14.1259386156825,0.000693333333333334,20260709,1000
40,1,0.9,14,Inf,0.75,0,0.3,0.1,0,"S4_effect",0.240951396070321,0.0137526464803743,0.233,0.0127118644067797,2.05695186929362,-0.000340456730684391,-0.00340456730684391,0.0861075614599587,0.0860637003060679,0.932781799379524,0.325978724676509,0.967,967,1000,10.419175,9.73297721439138,0.585675,20260709,1000
90,1,0.9,14,Inf,0.75,0,0.3,0.1,0,"S4_effect",0.464929859719439,0.0157882431735046,0.464,0,1.47923141934213,0.0019073491611179,0.019073491611179,0.0551913122914424,0.0551966189902139,0.950901803607214,0.216533840521214,0.998,998,1000,10.4974555555556,9.88103096920899,0.580422222222222,20260709,1000
150,1,0.9,14,Inf,0.75,0,0.3,0.1,0,"S4_effect",0.618,0.015364764885933,0.618,0,1.25159588539184,-0.00180650542631033,-0.0180650542631033,0.0439748242558442,0.0439899402706953,0.942,0.168633682590191,1,1000,1000,10.50386,9.90354884712552,0.579313333333333,20260709,1000
40,2,0.9,14,Inf,0.75,0,0.3,0.1,0,"S4_effect",0.321,0.0147634345597493,0.321,0.00619195046439629,1.6920023211801,-0.00124413147642397,-0.0124413147642397,0.0655183916550359,0.0654974415420041,0.949,0.26293858890192,1,1000,1000,21.22495,19.3302806264831,0.3338,20260709,1000
90,2,0.9,14,Inf,0.75,0,0.3,0.1,0,"S4_effect",0.621,0.0153414145371279,0.621,0,1.28728032089691,0.00105542013604722,0.0105542013604722,0.0456137946135993,0.0456031967350552,0.946,0.176947834477407,1,1000,1000,21.0690555555556,19.2968510249294,0.332522222222222,20260709,1000
150,2,0.9,14,Inf,0.75,0,0.3,0.1,0,"S4_effect",0.815,0.0122790471943062,0.815,0,1.11452229837783,4.69934409494666e-05,0.000469934409494666,0.0354036861669063,0.0353860111003498,0.946,0.136888747051212,1,1000,1000,21.0622533333333,19.3786487087988,0.331886666666667,20260709,1000
40,4,0.9,14,Inf,0.75,0,0.3,0.1,0,"S4_effect",0.403,0.0155109960995418,0.403,0,1.55565085133297,-6.72732288253819e-06,-6.72732288253819e-05,0.0593759613628158,0.0593462663377209,0.938,0.23167219597329,1,1000,1000,41.849775,37.3845517983468,0.1662,20260709,1000
90,4,0.9,14,Inf,0.75,0,0.3,0.1,0,"S4_effect",0.696,0.0145459272650457,0.696,0,1.16960133874062,-0.00256131949924099,-0.0256131949924099,0.0396065114942418,0.0396694773669626,0.943,0.154946053284616,1,1000,1000,41.9289,37.9755094033258,0.166988888888889,20260709,1000
150,4,0.9,14,Inf,0.75,0,0.3,0.1,0,"S4_effect",0.91,0.00904986187739901,0.91,0,1.06685957226396,0.00109497937829907,0.0109497937829907,0.0307402064662491,0.0307443379036359,0.943,0.119880470122767,1,1000,1000,41.9727533333333,38.2120597815623,0.169093333333333,20260709,1000
40,1,0.3,28,Inf,0.75,0,0.3,0.1,0,"S4_effect",0.353707414829659,0.015134615710668,0.353,0,1.58421044286329,-0.00260484879169472,-0.0260484879169472,0.0604403080963024,0.0604661535774989,0.940881763527054,0.240660332662859,0.998,998,1000,20.9671,7.69353768558038,0.0456,20260709,1000
90,1,0.3,28,Inf,0.75,0,0.3,0.1,0,"S4_effect",0.674,0.0148230900961979,0.674,0,1.20578710996015,-0.000884190022456363,-0.00884190022456363,0.0413423959149886,0.0413311782833188,0.947,0.160184993549053,1,1000,1000,20.9675333333333,7.7427026507575,0.0474111111111111,20260709,1000
150,1,0.3,28,Inf,0.75,0,0.3,0.1,0,"S4_effect",0.875,0.0104582503316759,0.875,0,1.07198220082977,-0.00039176153839568,-0.0039176153839568,0.0324247821281197,0.0324109334432525,0.946,0.124967541495538,1,1000,1000,21.0230333333333,7.78724560553949,0.04668,20260709,1000
40,2,0.3,28,Inf,0.75,0,0.3,0.1,0,"S4_effect",0.461,0.0157632166768081,0.461,0,1.43729346765978,0.00081071634275029,0.0081071634275029,0.0521182122808568,0.0520984549126892,0.943,0.21127495748147,1,1000,1000,41.92995,13.9927506754718,0.000824999999999999,20260709,1000
90,2,0.3,28,Inf,0.75,0,0.3,0.1,0,"S4_effect",0.776,0.0131842330076497,0.776,0,1.12184172334746,-0.00131014919890819,-0.0131014919890819,0.0360311040933788,0.0360369076454836,0.947,0.141866703395546,1,1000,1000,42.0326111111111,14.156975847857,0.000744444444444445,20260709,1000
150,2,0.3,28,Inf,0.75,0,0.3,0.1,0,"S4_effect",0.941,0.00745110730026082,0.941,0,1.0321156543617,-0.000256089589835973,-0.00256089589835973,0.0285428234940223,0.0285296978973827,0.959,0.110062446292862,1,1000,1000,41.96082,14.1130773187581,0.000706666666666666,20260709,1000
40,4,0.3,28,Inf,0.75,0,0.3,0.1,0,"S4_effect",0.511,0.0158075614817719,0.511,0,1.36143051217221,-0.000841098004957713,-0.00841098004957713,0.0491527890598626,0.0491354059873827,0.949,0.198662053546414,1,1000,1000,84.042675,26.6732349785558,0,20260709,1000
90,4,0.3,28,Inf,0.75,0,0.3,0.1,0,"S4_effect",0.848,0.0113532374237483,0.848,0,1.10493590001402,0.00130960155099671,0.0130960155099671,0.0330014104602253,0.033010892982382,0.956,0.132763095479119,1,1000,1000,83.8979888888889,26.8288814632818,0,20260709,1000
150,4,0.3,28,Inf,0.75,0,0.3,0.1,0,"S4_effect",0.961,0.00612200947402077,0.961,0,1.02530699097786,0.000195827981356728,0.00195827981356728,0.0279420179712228,0.0279287300200728,0.928,0.102699111980608,1,1000,1000,84.0120866666667,26.7326545502916,6.6666666666667e-06,20260709,1000
40,1,0.9,28,Inf,0.75,0,0.3,0.1,0,"S4_effect",0.329659318637275,0.0148804202254188,0.329,0,1.7492197169801,0.0010814550220989,0.010814550220989,0.0696463890076637,0.0696198872922779,0.938877755511022,0.265155502666125,0.998,998,1000,20.990475,19.0483742720466,0.33255,20260709,1000
90,1,0.9,28,Inf,0.75,0,0.3,0.1,0,"S4_effect",0.594,0.0155294558822903,0.594,0,1.28112827317958,-0.00117272566406414,-0.0117272566406414,0.0450031600875788,0.0449959378048012,0.948,0.177204937155693,1,1000,1000,20.9946888888889,19.3251186560615,0.335322222222222,20260709,1000
150,1,0.9,28,Inf,0.75,0,0.3,0.1,0,"S4_effect",0.81,0.0124056438768812,0.81,0,1.11436002811996,-0.00024117145652687,-0.0024117145652687,0.0345643996555069,0.0345479549249085,0.957,0.137365201041432,1,1000,1000,21.08166,19.3301020041429,0.32844,20260709,1000
40,2,0.9,28,Inf,0.75,0,0.3,0.1,0,"S4_effect",0.402,0.0155047089621186,0.402,0,1.53521667154444,0.000640102448439622,0.00640102448439622,0.0573916358949945,0.0573665041812504,0.954,0.230795654353601,1,1000,1000,41.555225,37.178216615042,0.169125,20260709,1000
90,2,0.9,28,Inf,0.75,0,0.3,0.1,0,"S4_effect",0.73,0.0140392307481571,0.73,0,1.17440450911669,0.000190211529285153,0.00190211529285153,0.0383615241975057,0.0383428104426754,0.955,0.154407890160988,1,1000,1000,41.8294444444444,37.7022727936869,0.165911111111111,20260709,1000
150,2,0.9,28,Inf,0.75,0,0.3,0.1,0,"S4_effect",0.88,0.0102761860629321,0.88,0,1.06370637021734,-0.000692306628348197,-0.00692306628348197,0.0318832657768208,0.0318748393317747,0.94,0.120019468103811,1,1000,1000,42.13,38.1673805908884,0.166,20260709,1000
40,4,0.9,28,Inf,0.75,0,0.3,0.1,0,"S4_effect",0.493,0.0158098387088547,0.493,0,1.48167467350513,0.00408489700997368,0.0408489700997368,0.0552047619515279,0.0553281534118466,0.939,0.212161271470244,1,1000,1000,84.251725,75.0687558728888,0.079425,20260709,1000
90,4,0.9,28,Inf,0.75,0,0.3,0.1,0,"S4_effect",0.809,0.0124305671632472,0.809,0,1.1260155175193,0.000688793870236654,0.00688793870236654,0.0361420721925933,0.0361305628241234,0.948,0.140925626410221,1,1000,1000,83.8374888888889,75.0804572350042,0.0758555555555556,20260709,1000
150,4,0.9,28,Inf,0.75,0,0.3,0.1,0,"S4_effect",0.953,0.00669260786241059,0.953,0,1.03005411336835,0.000278602895539132,0.00278602895539132,0.027673872664911,0.0276614353318629,0.956,0.109561685493804,1,1000,1000,83.8106133333333,75.5663727252435,0.0765333333333333,20260709,1000
40,1,0.3,14,Inf,0.75,0,0.3,0.5,0,"S4_effect",1,0,0.97,0,1.00492631370841,0.0024631568542044,0.00492631370840879,0.0771293594467636,0.0771289329920483,0.944329896907216,0.299932631329639,0.97,970,1000,10.45185,4.4815801535532,0.4579,20260709,1000
90,1,0.3,14,Inf,0.75,0,0.3,0.5,0,"S4_effect",1,0,1,0,1.00303024098552,0.00151512049276137,0.00303024098552274,0.0502781406596929,0.0502758304444119,0.943,0.200181304878804,1,1000,1000,10.4677666666667,4.48573112667649,0.455533333333333,20260709,1000
150,1,0.3,14,Inf,0.75,0,0.3,0.5,0,"S4_effect",1,0,1,0,1.00172246091514,0.000861230457570694,0.00172246091514139,0.039349648875231,0.039339397423428,0.948,0.154402367807414,1,1000,1000,10.4928066666667,4.51342294651041,0.453813333333333,20260709,1000
40,2,0.3,14,Inf,0.75,0,0.3,0.5,0,"S4_effect",1,0,1,0,0.995289323191662,-0.00235533840416907,-0.00471067680833814,0.0613668111151044,0.061381326475799,0.951,0.23951097418321,1,1000,1000,20.982075,7.7287531499873,0.045925,20260709,1000
90,2,0.3,14,Inf,0.75,0,0.3,0.5,0,"S4_effect",1,0,1,0,0.999475246406801,-0.000262376796599406,-0.000524753593198812,0.0410820137136032,0.0410623058351247,0.944,0.16073349169858,1,1000,1000,21.0060555555556,7.78048533141388,0.0466555555555556,20260709,1000
150,2,0.3,14,Inf,0.75,0,0.3,0.5,0,"S4_effect",1,0,1,0,0.999657931365373,-0.000171034317313523,-0.000342068634627046,0.0316391690274874,0.0316238080007906,0.956,0.124768776863512,1,1000,1000,21.0042,7.78516966348319,0.0465466666666667,20260709,1000
40,4,0.3,14,Inf,0.75,0,0.3,0.5,0,"S4_effect",1,0,1,0,1.00191817479181,0.000959087395904001,0.001918174791808,0.0529595213689852,0.0529417230675518,0.951,0.212278380839617,1,1000,1000,42.0564,14.0207546389182,0.000675,20260709,1000
90,4,0.3,14,Inf,0.75,0,0.3,0.5,0,"S4_effect",1,0,1,0,0.996237639313154,-0.00188118034342294,-0.00376236068684588,0.035838242011285,0.035869681492222,0.941,0.142416808297814,1,1000,1000,41.9590555555556,14.0429943309468,0.000788888888888889,20260709,1000
150,4,0.3,14,Inf,0.75,0,0.3,0.5,0,"S4_effect",1,0,1,0,1.00008723425974,4.3617129867779e-05,8.7234259735558e-05,0.0285869935312509,0.0285727297507719,0.944,0.110078232809234,1,1000,1000,42.0065733333333,14.1346117152307,0.000860000000000001,20260709,1000
40,1,0.9,14,Inf,0.75,0,0.3,0.5,0,"S4_effect",1,0,0.964,0,0.994225622897625,-0.00288718855118764,-0.00577437710237527,0.0835077411307838,0.0835143384150656,0.941908713692946,0.324842885892115,0.964,964,1000,10.432,9.6927536326342,0.584075,20260709,1000
90,1,0.9,14,Inf,0.75,0,0.3,0.5,0,"S4_effect",1,0,0.998,0,1.00080532372062,0.000402661860311238,0.000805323720622475,0.0577185801933506,0.0576910610527231,0.938877755511022,0.217175981950087,0.998,998,1000,10.5156333333333,9.90213473319058,0.579288888888889,20260709,1000
150,1,0.9,14,Inf,0.75,0,0.3,0.5,0,"S4_effect",1,0,1,0,1.0041931807569,0.00209659037844889,0.00419318075689779,0.0413459605363735,0.0413784322496356,0.951,0.168693360256297,1,1000,1000,10.5140333333333,9.94925079558299,0.5793,20260709,1000
40,2,0.9,14,Inf,0.75,0,0.3,0.5,0,"S4_effect",1,0,0.999,0,0.993361850038504,-0.00331907498074813,-0.00663814996149625,0.068978943202374,0.0690242566535952,0.940940940940941,0.26246745306124,0.999,999,1000,21.0908,19.0650877317073,0.32995,20260709,1000
90,2,0.9,14,Inf,0.75,0,0.3,0.5,0,"S4_effect",1,0,1,0,0.999159496569532,-0.000420251715233799,-0.000840503430467598,0.0452540019830906,0.045233321592541,0.951,0.177191105321126,1,1000,1000,21.0325222222222,19.4263455646951,0.335377777777778,20260709,1000
150,2,0.9,14,Inf,0.75,0,0.3,0.5,0,"S4_effect",1,0,1,0,1.00465658597193,0.00232829298596449,0.00465658597192897,0.03459881062264,0.0346597975619203,0.956,0.13697350653178,1,1000,1000,20.9683133333333,19.239172988088,0.333293333333333,20260709,1000
40,4,0.9,14,Inf,0.75,0,0.3,0.5,0,"S4_effect",1,0,0.999,0,0.999774294179254,-0.000112852910372829,-0.000225705820745659,0.0596604344688707,0.0596306737042474,0.940940940940941,0.231441834411837,0.999,999,1000,42.0087,37.7278810495798,0.16585,20260709,1000
90,4,0.9,14,Inf,0.75,0,0.3,0.5,0,"S4_effect",1,0,1,0,0.999208261749323,-0.000395869125338733,-0.000791738250677465,0.0395180745504456,0.0395002943067871,0.94,0.154095494174432,1,1000,1000,42.0883888888889,38.1550367865972,0.166577777777778,20260709,1000
150,4,0.9,14,Inf,0.75,0,0.3,0.5,0,"S4_effect",1,0,1,0,1.00246367494202,0.0012318374710083,0.0024636749420166,0.0305541237143046,0.0305636768898649,0.952,0.120025321663263,1,1000,1000,41.8346866666667,38.0800228813762,0.167186666666667,20260709,1000
40,1,0.3,28,Inf,0.75,0,0.3,0.5,0,"S4_effect",1,0,1,0,0.995160024316713,-0.0024199878416436,-0.0048399756832872,0.06146206719691,0.0614789757524235,0.941,0.239501224836096,1,1000,1000,21.021775,7.7368947449969,0.0471,20260709,1000
90,1,0.3,28,Inf,0.75,0,0.3,0.5,0,"S4_effect",1,0,1,0,0.993182179201241,-0.00340891039937941,-0.00681782079875881,0.0410619061220903,0.0411826993330449,0.939,0.160389707590534,1,1000,1000,20.9876222222222,7.77741395449238,0.0474111111111111,20260709,1000
150,1,0.3,28,Inf,0.75,0,0.3,0.5,0,"S4_effect",1,0,1,0,0.99682543758037,-0.00158728120981516,-0.00317456241963032,0.0313091143131916,0.0313336853893131,0.957,0.124715686791271,1,1000,1000,21.02742,7.80771630189271,0.0457133333333333,20260709,1000
40,2,0.3,28,Inf,0.75,0,0.3,0.5,0,"S4_effect",1,0,1,0,0.997140116703197,-0.00142994164840154,-0.00285988329680309,0.0572400624375882,0.0572293024265452,0.921,0.210722750762671,1,1000,1000,41.9473,14.0019992729661,0.000775000000000002,20260709,1000
90,2,0.3,28,Inf,0.75,0,0.3,0.5,0,"S4_effect",1,0,1,0,1.00109895940771,0.000549479703857325,0.00109895940771465,0.0349159205437442,0.0349027837550903,0.955,0.141747914609446,1,1000,1000,41.9811444444444,14.1843478897835,0.000811111111111112,20260709,1000
150,2,0.3,28,Inf,0.75,0,0.3,0.5,0,"S4_effect",1,0,1,0,1.00173009820326,0.000865049101629101,0.0017300982032582,0.0282297032788996,0.0282288423605314,0.952,0.110136761820606,1,1000,1000,41.9959066666667,14.1437144557827,0.000653333333333334,20260709,1000
40,4,0.3,28,Inf,0.75,0,0.3,0.5,0,"S4_effect",1,0,1,0,1.00084136541825,0.000420682709123987,0.000841365418247975,0.0516052435660594,0.0515811500093838,0.939,0.199052975958792,1,1000,1000,83.843925,26.4763711033863,2.49999999999996e-05,20260709,1000
90,4,0.3,28,Inf,0.75,0,0.3,0.5,0,"S4_effect",1,0,1,0,1.00128432850128,0.000642164250639454,0.00128432850127891,0.033682180037354,0.0336714588003172,0.949,0.132450153714784,1,1000,1000,84.1096222222222,26.831078573138,0,20260709,1000
150,4,0.3,28,Inf,0.75,0,0.3,0.5,0,"S4_effect",1,0,1,0,0.999636963096388,-0.000181518451805862,-0.000363036903611724,0.0260738386853399,0.0260614306528572,0.951,0.102634964620143,1,1000,1000,83.94552,26.8170694028389,6.66666666666667e-06,20260709,1000
40,1,0.9,28,Inf,0.75,0,0.3,0.5,0,"S4_effect",1,0,1,0,1.00571203573484,0.00285601786742062,0.00571203573484125,0.0661684935681018,0.066197040036469,0.955,0.264551431862705,1,1000,1000,21.01215,19.1006003835126,0.334125,20260709,1000
90,1,0.9,28,Inf,0.75,0,0.3,0.5,0,"S4_effect",1,0,1,0,0.999075266887968,-0.000462366556016114,-0.000924733112032228,0.0450135875685723,0.0449934509185488,0.948,0.177048554967765,1,1000,1000,20.9603555555556,19.1839264631484,0.331322222222222,20260709,1000
150,1,0.9,28,Inf,0.75,0,0.3,0.5,0,"S4_effect",1,0,1,0,1.00175848995966,0.000879244979828164,0.00175848995965633,0.0349860301241968,0.0349795848071687,0.959,0.137775082583695,1,1000,1000,20.99668,19.394786908669,0.33344,20260709,1000
40,2,0.9,28,Inf,0.75,0,0.3,0.5,0,"S4_effect",1,0,0.999,0,1.00400959503111,0.0020047975155566,0.0040095950311132,0.0586884291952927,0.0586932973599913,0.943943943943944,0.229579924841989,0.999,999,1000,42.1106,37.7045404901514,0.168075,20260709,1000
90,2,0.9,28,Inf,0.75,0,0.3,0.5,0,"S4_effect",1,0,1,0,1.00085596437365,0.000427982186824827,0.000855964373649654,0.0378611388510617,0.0378446236342299,0.954,0.154514148377774,1,1000,1000,42.2178111111111,38.0337591951461,0.165422222222222,20260709,1000
150,2,0.9,28,Inf,0.75,0,0.3,0.5,0,"S4_effect",1,0,1,0,1.00106404995409,0.000532024977043521,0.00106404995408704,0.0304024595331839,0.0303919115341141,0.948,0.120132267995695,1,1000,1000,41.92504,38.0725941859617,0.167346666666667,20260709,1000
40,4,0.9,28,Inf,0.75,0,0.3,0.5,0,"S4_effect",1,0,1,0,0.99884100188525,-0.000579499057375199,-0.0011589981147504,0.0538967137919435,0.0538728755587689,0.946,0.211612628191188,1,1000,1000,83.7527,74.580819454073,0.07815,20260709,1000
90,4,0.9,28,Inf,0.75,0,0.3,0.5,0,"S4_effect",1,0,1,0,1.00325012300887,0.00162506150443409,0.00325012300886818,0.0363963457258444,0.0364144217736076,0.944,0.141471143274074,1,1000,1000,84.279,75.6712712704203,0.0758444444444444,20260709,1000
150,4,0.9,28,Inf,0.75,0,0.3,0.5,0,"S4_effect",1,0,1,0,1.00177818659712,0.000889093298560906,0.00177818659712181,0.0280965838883631,0.028096602909661,0.95,0.109537686007057,1,1000,1000,84.0701533333333,75.7066476689288,0.0761933333333333,20260709,1000
40,1,0.3,14,Inf,0.75,0,0.3,0.2,0.75,"S5_context_linked",0.495762711864407,0.0230135390046731,0.234,0,1.54053411137585,0.017637741651717,0.0881887082585851,0.119238202964395,0.120410616753993,0.936440677966102,0.448500748036927,0.472,472,1000,5.24605,2.75531510239397,0.92285,20260709,1000
90,1,0.3,14,Inf,0.75,0,0.3,0.2,0.75,"S5_context_linked",0.817460317460317,0.0172066655388043,0.412,0,1.17520448589242,0.0122431866145405,0.0612159330727023,0.0743846616768237,0.0753126495490741,0.944444444444444,0.294979363019433,0.504,504,1000,5.24938888888889,2.76344969222361,0.923855555555556,20260709,1000
150,1,0.3,14,Inf,0.75,0,0.3,0.2,0.75,"S5_context_linked",0.935546875,0.010852249881733,0.479,0,1.10120342077569,0.0117750669391954,0.058875334695977,0.0627702628641699,0.0638048789836914,0.912109375,0.22904661209447,0.512,512,1000,5.24893333333333,2.77505887342216,0.92358,20260709,1000
40,2,0.3,14,Inf,0.75,0,0.3,0.2,0.75,"S5_context_linked",0.717368961973278,0.014435266224312,0.698,0,1.18256967031604,-0.000570285364175721,-0.00285142682087861,0.0810764831462886,0.0810368159664001,0.936279547790339,0.308786038151362,0.973,973,1000,10.4886,4.47133559561502,0.452675,20260709,1000
90,2,0.3,14,Inf,0.75,0,0.3,0.2,0.75,"S5_context_linked",0.964929859719439,0.00582306119017411,0.963,0,1.02240573711748,0.0002206805783381,0.0011034028916905,0.0520889358268238,0.052063300326274,0.94689378757515,0.205375160392143,0.998,998,1000,10.5132111111111,4.4920238336167,0.453111111111111,20260709,1000
150,2,0.3,14,Inf,0.75,0,0.3,0.2,0.75,"S5_context_linked",0.998,0.00141279864099595,0.998,0,0.996539858517792,-0.000955318716507364,-0.00477659358253682,0.0412527471894431,0.0412431811985392,0.945,0.159042562698586,1,1000,1000,10.5111533333333,4.50085614206582,0.4527,20260709,1000
40,4,0.3,14,Inf,0.75,0,0.3,0.2,0.75,"S5_context_linked",0.878878878878879,0.0103226620835895,0.878,0,1.07834785163605,0.00116029723514902,0.00580148617574508,0.0641842986708518,0.06416265843619,0.921921921921922,0.243841514556559,0.999,999,1000,20.9437,7.6909008662314,0.0471,20260709,1000
90,4,0.3,14,Inf,0.75,0,0.3,0.2,0.75,"S5_context_linked",0.996,0.00199599599197994,0.996,0,1.00750417668796,0.000959622941804988,0.00479811470902494,0.0431465113254227,0.043135608194457,0.946,0.163523672163208,1,1000,1000,21.0281666666667,7.7682803116448,0.0457888888888889,20260709,1000
150,4,0.3,14,Inf,0.75,0,0.3,0.2,0.75,"S5_context_linked",1,0,1,0,1.002599240604,0.000519848120799166,0.00259924060399583,0.0333365378287518,0.0333239204134521,0.95,0.127764238910396,1,1000,1000,20.99988,7.76485675571583,0.0461533333333333,20260709,1000
40,1,0.9,14,Inf,0.75,0,0.3,0.2,0.75,"S5_context_linked",0.397849462365591,0.0179442561144603,0.296,0,1.54722505747468,-0.00194020655668622,-0.00970103278343112,0.12484733249302,0.124778486752556,0.919354838709677,0.467026450540758,0.744,744,1000,5.25575,5.1680503859564,0.829775,20260709,1000
90,1,0.9,14,Inf,0.75,0,0.3,0.2,0.75,"S5_context_linked",0.764069264069264,0.0139676273745378,0.706,0,1.15816788486012,0.00240558651153919,0.0120279325576959,0.0743047164485278,0.0743034482251558,0.952380952380952,0.303173810214227,0.924,924,1000,5.23927777777778,5.18661249866462,0.832588888888889,20260709,1000
150,1,0.9,14,Inf,0.75,0,0.3,0.2,0.75,"S5_context_linked",0.92497430626927,0.00844526777560046,0.9,0,1.07060865219286,0.00500885996670378,0.0250442998335189,0.0601284743394632,0.060305939555241,0.949640287769784,0.232414779705081,0.973,973,1000,5.25272666666667,5.23742099166879,0.832153333333333,20260709,1000
40,2,0.9,14,Inf,0.75,0,0.3,0.2,0.75,"S5_context_linked",0.65866388308977,0.0153193483689668,0.631,0,1.24572815388807,0.00458925679170463,0.0229462839585232,0.0849021330841663,0.0849818161918823,0.938413361169102,0.33415075245193,0.958,958,1000,10.5555,9.79254289707563,0.577825,20260709,1000
90,2,0.9,14,Inf,0.75,0,0.3,0.2,0.75,"S5_context_linked",0.921765295887663,0.00850476503317998,0.919,0,1.04276039712621,-0.000740992442038846,-0.00370496221019423,0.0593967727836992,0.0593716017513698,0.9358074222668,0.223540421403956,0.997,997,1000,10.4566,9.82801464247565,0.582377777777778,20260709,1000
150,2,0.9,14,Inf,0.75,0,0.3,0.2,0.75,"S5_context_linked",0.996,0.00199599599197994,0.996,0,0.995535501888265,-0.00135093502276173,-0.00675467511380867,0.0436194270765214,0.0436185372233092,0.95,0.172434395294073,1,1000,1000,10.5186466666667,9.92608108260982,0.57904,20260709,1000
40,4,0.9,14,Inf,0.75,0,0.3,0.2,0.75,"S5_context_linked",0.804,0.0125532465920175,0.804,0,1.11623450505477,-0.000228957527127704,-0.00114478763563852,0.0711631048535004,0.0711278829042953,0.927,0.268961878729152,1,1000,1000,21.012175,19.0084322480354,0.33445,20260709,1000
90,4,0.9,14,Inf,0.75,0,0.3,0.2,0.75,"S5_context_linked",0.989,0.00329833291224522,0.989,0,1.00661372874778,6.45129311470094e-05,0.000322564655735047,0.0458787571803538,0.0458558574445156,0.949,0.181326822566568,1,1000,1000,20.9582888888889,19.2299332815165,0.332611111111111,20260709,1000
150,4,0.9,14,Inf,0.75,0,0.3,0.2,0.75,"S5_context_linked",1,0,1,0,1.00423201150797,0.000846402301594579,0.00423201150797289,0.035119373486465,0.0351120124821106,0.95,0.14019936012634,1,1000,1000,21.0133466666667,19.3815254686121,0.3321,20260709,1000
40,1,0.3,28,Inf,0.75,0,0.3,0.2,0.75,"S5_context_linked",0.710114702815433,0.0146510261382553,0.681,0,1.18095537548382,-0.00151366871022562,-0.00756834355112812,0.0797394915620534,0.0797122793662802,0.942648592283629,0.309216352790289,0.959,959,1000,10.46435,4.45119055787469,0.453325,20260709,1000
90,1,0.3,28,Inf,0.75,0,0.3,0.2,0.75,"S5_context_linked",0.958917835671343,0.00628278336698022,0.957,0,1.02988085935721,0.00113975585232917,0.00569877926164586,0.0525741179471253,0.0525601307484026,0.944889779559118,0.2049480059548,0.998,998,1000,10.5034222222222,4.51244942908653,0.453911111111111,20260709,1000
150,1,0.3,28,Inf,0.75,0,0.3,0.2,0.75,"S5_context_linked",0.998998998998999,0.00100049987406045,0.998,0,0.994912184884305,-0.00115549493858053,-0.00577747469290263,0.0402625395747728,0.0402589687743667,0.953953953953954,0.159330866396061,0.999,999,1000,10.5169866666667,4.51431210036678,0.452666666666667,20260709,1000
40,2,0.3,28,Inf,0.75,0,0.3,0.2,0.75,"S5_context_linked",0.881881881881882,0.010211292709013,0.881,0,1.06160194593133,-0.00154734074868232,-0.00773670374341159,0.0638019520174409,0.0637887809946489,0.938938938938939,0.245662896500674,0.999,999,1000,21.0485,7.72021213526489,0.044875,20260709,1000
90,2,0.3,28,Inf,0.75,0,0.3,0.2,0.75,"S5_context_linked",0.997,0.00172945077987204,0.997,0,1.0021356026778,5.94651096566534e-05,0.000297325548283267,0.0405335631071595,0.0405133348975764,0.952,0.165259285071793,1,1000,1000,21.0242555555556,7.79735673604549,0.0460555555555556,20260709,1000
150,2,0.3,28,Inf,0.75,0,0.3,0.2,0.75,"S5_context_linked",1,0,1,0,1.00198929162333,0.000397858324665684,0.00198929162332842,0.0334269062324653,0.0334125574217278,0.942,0.128064522540156,1,1000,1000,20.9902933333333,7.76038923782281,0.04568,20260709,1000
40,4,0.3,28,Inf,0.75,0,0.3,0.2,0.75,"S5_context_linked",0.94,0.00750999334220744,0.94,0,1.02070343808877,-0.00298887481143317,-0.0149443740571659,0.0582297787417752,0.0582773523576886,0.933,0.216311900246375,1,1000,1000,42.049875,14.0360164890687,0.000925,20260709,1000
90,4,0.3,28,Inf,0.75,0,0.3,0.2,0.75,"S5_context_linked",1,0,1,0,1.00751490739411,0.00150298147882263,0.00751490739411317,0.0359073888512494,0.0359208878908414,0.95,0.144274427667966,1,1000,1000,42.0991222222222,14.125015841296,0.000744444444444441,20260709,1000
150,4,0.3,28,Inf,0.75,0,0.3,0.2,0.75,"S5_context_linked",1,0,1,0,1.00157385925036,0.000314771850071616,0.00157385925035808,0.0282359342192129,0.0282235680694005,0.959,0.111352616920527,1,1000,1000,42.0482466666667,14.1540968413324,0.00078,20260709,1000
40,1,0.9,28,Inf,0.75,0,0.3,0.2,0.75,"S5_context_linked",0.665625,0.0152263600711275,0.639,0,1.23978128496906,0.00202889353775493,0.0101444676887746,0.0882566597234459,0.0882340104775897,0.933333333333333,0.333425594873351,0.96,960,1000,10.458025,9.74114766058231,0.5817,20260709,1000
90,1,0.9,28,Inf,0.75,0,0.3,0.2,0.75,"S5_context_linked",0.944944944944945,0.00721637527017407,0.944,0,1.02834868016706,-0.00064846630044435,-0.00324233150222175,0.0556000254097674,0.0555759739170331,0.950950950950951,0.222636382633061,0.999,999,1000,10.5307111111111,9.92207550822553,0.577755555555556,20260709,1000
150,1,0.9,28,Inf,0.75,0,0.3,0.2,0.75,"S5_context_linked",0.989,0.00329833291224522,0.989,0,1.01190322096121,0.000926404752737642,0.00463202376368821,0.0460126120212487,0.0459989296649263,0.932,0.172507768430521,1,1000,1000,10.5000666666667,9.91798135160908,0.57966,20260709,1000
40,2,0.9,28,Inf,0.75,0,0.3,0.2,0.75,"S5_context_linked",0.836509528585757,0.0117120816142224,0.834,0,1.12379031753733,0.00439954307690921,0.021997715384546,0.0709693244664518,0.0710700302103046,0.928786359077232,0.267846524986032,0.997,997,1000,20.963575,19.0327245248412,0.332325,20260709,1000
90,2,0.9,28,Inf,0.75,0,0.3,0.2,0.75,"S5_context_linked",0.991,0.00298646948753876,0.991,0,1.01182140947909,0.0012809076977231,0.0064045384886155,0.0455273552491604,0.0455226104308327,0.947,0.181781993031048,1,1000,1000,20.9778444444444,19.2995192727154,0.334166666666667,20260709,1000
150,2,0.9,28,Inf,0.75,0,0.3,0.2,0.75,"S5_context_linked",1,0,1,0,1.01026649125839,0.00205329825167722,0.0102664912583861,0.0357297612082267,0.0357708715838914,0.949,0.141014803772601,1,1000,1000,20.96366,19.2787906354235,0.33314,20260709,1000
40,4,0.9,28,Inf,0.75,0,0.3,0.2,0.75,"S5_context_linked",0.899,0.00952885092757778,0.899,0,1.04940472635699,-0.00228417938096842,-0.0114208969048421,0.0612268426995065,0.0612388358488925,0.946,0.233108997287523,1,1000,1000,42.152625,37.5386778203737,0.16535,20260709,1000
90,4,0.9,28,Inf,0.75,0,0.3,0.2,0.75,"S5_context_linked",0.998,0.00141279864099595,0.998,0,1.00806875312808,0.00134131585261618,0.00670657926308091,0.0392268984568816,0.0392302171954277,0.949,0.15705228771992,1,1000,1000,41.9415111111111,38.0701756492129,0.166488888888889,20260709,1000
150,4,0.9,28,Inf,0.75,0,0.3,0.2,0.75,"S5_context_linked",1,0,1,0,1.01036890924608,0.00207378184921569,0.0103689092460785,0.0300642262929738,0.0301206642697448,0.962,0.122281885748228,1,1000,1000,42.01496,38.2740267359311,0.167713333333333,20260709,1000
